dates,nzd0070-0000,nzd0070-0001,nzd0070-0002,nzd0070-0004,nzd0070-0005,nzd0070-0007,nzd0070-0008,nzd0070-0009,nzd0070-0010,nzd0070-0011,nzd0070-0012,nzd0070-0013,nzd0070-0014,nzd0070-0015,nzd0070-0016,nzd0070-0017,nzd0070-0018,nzd0070-0019,nzd0070-0020,nzd0070-0021,nzd0070-0022,nzd0070-0023,nzd0070-0024,nzd0070-0025,nzd0070-0026,nzd0070-0027,nzd0070-0028,nzd0070-0031,nzd0070-0032,nzd0070-0033,nzd0070-0034,nzd0070-0035,nzd0070-0036,satname
1999-08-26 22:04:44+00:00,416.14,433.7085714,394.92,405.71,384.6585714,385.88,401.45,385.33,365.4,395.27,,,,,,372.7,,351.24,391.07,386.29,366.48,383.21,375.9,381.78,367.93,368.95,370.47,359.66,375.72,385.9,388.77,368.52,385.5885714,L7
1999-10-04 22:10:38+00:00,,,,,,,,,,,,,,,,,,390.22,392.47,397.16,381.37,384.81,390.16,391.28,392.98,389.88,379.21,378.27,385.55,,,,,L7
2000-03-28 22:10:07+00:00,446.4766667,434.31,432.3266667,403.64,416.6,414.37,404.69,407.14,394.6,403.06,412.7,417.5511111,418.68,412.27,,398.08,,386.36,394.08,396.59,387,383.89,387.76,383.71,398.28,401.83,408.95,382.21,381.35,390.7366667,385.63,386.86,400.62,L7
2000-04-29 22:09:53+00:00,443.82,441.8285714,427.98,414.42,418.9285714,412.71,414.15,407.97,398.11,412.3,410.7485714,418.2633333,410.77,400.24,361.7085714,,353.2,,,399.2,391.34,395.99,392.18,385.86,405.75,387.25,388.34,375.75,371.38,394.39,,,399.2085714,L7
2000-05-24 22:03:46+00:00,443.5533333,449.3871429,445.6833333,444.7,429.6771429,406.78,406.1,402.3,,,,,,,,,,,,,,,,,,,,,,,,,,L7
2000-05-31 22:09:54+00:00,433.29,432.82,409.26,396.65,386.71,396.64,,,,404.23,374.31,373.54,367.54,364.98,356.99,376.09,,,399.15,405.19,402.47,399.73,,387.6,381.61,371.81,377.83,358.75,376.91,375.2,380.6,,,L7
2000-06-16 22:09:50+00:00,458.7,458.8528571,,431.31,420.0328571,425.21,425.73,417,408.41,429.67,402.9728571,399.7566667,386.24,375.44,383.3628571,397.7,,,419.21,426.84,430.98,432.18,443.25,408.2,416.86,406.57,416.25,,412.28,399.92,,,,L7
2000-07-11 22:03:17+00:00,,,,,,,,,,,,,370,356.63,,355.5,332.7433333,370.84,400.29,393.21,382.69,388.07,,,,,,,,,,,,L7
2000-08-12 22:02:54+00:00,,,,,,,,,,,,,,,368.78,386.88,370.6333333,392.67,392.2,399.17,407.15,406.87,423.83,401.18,420.86,,,,,,,,,L7
2000-10-15 22:01:56+00:00,,,,413.74,400.1728571,401.18,401.79,412.62,385.9,404.98,390.7028571,383.1177778,378.35,372.54,383.0028571,391.88,374.4466667,394.11,395.78,394.23,386.64,386.05,397.56,396.64,389.93,389.46,391.25,,,,,,,L7
2000-11-23 22:08:18+00:00,435.03,423.2414286,407.61,398.32,381.1314286,371.07,380.77,383.59,356.37,370.99,364.6114286,365.2833333,366.76,367.86,361.6214286,361.53,351.63,369.14,362.1,380.19,377.41,374.58,374.82,377.91,374.26,368.6,370.46,365.25,377.29,375.83,367.79,364.61,380.2214286,L7
2001-03-08 22:02:09+00:00,423.46,429.7785714,425.3,416.22,395.5485714,397.16,401.78,409.61,,408.96,381.9385714,375.5466667,371.41,364.78,370.2385714,380.96,369.39,394.49,393.65,393.29,399.99,399.14,391.75,395,395.38,379.96,383.36,367.23,388.64,387.77,393.46,390.28,384.2385714,L7
2001-03-24 22:01:59+00:00,445.7,444.6,436.25,433.12,414.83,415.08,426.38,438.17,417.18,426.11,401.55,388.64,382.57,378.9,386.52,398.69,396.84,,,,,,,421.97,413.25,388.54,401.79,,,,,,,L7
2001-05-18 22:07:26+00:00,433.4233333,433.5785714,435.2033333,429.24,425.7285714,416.77,416.83,415.26,396.12,404.09,406.2385714,410.6788889,425.26,424.01,425.9585714,420.8,425.9833333,403.65,417.62,410.51,411.36,418.99,430.22,427.05,416.89,411.63,408.81,406.52,416.23,416.7333333,409.94,,388.6485714,L7
2001-06-03 22:07:40+00:00,430.3066667,425.9885714,422.6566667,418.55,405.0585714,404.15,396.77,402.24,399.04,404.54,397.4085714,386.6844444,386.17,386.4,396.4485714,391.2,406.0966667,418.21,407.73,415.58,411.33,414.87,416.04,413.79,411.38,398.31,393.76,391.08,391.56,396.2666667,,,385.0085714,L7
2001-06-28 22:01:09+00:00,,,,,,,371.82,,,,,,,,,,,,,,,,,,,,,,,,,,,L7
2001-08-06 22:06:37+00:00,437.1566667,439.3257143,421.6566667,419.99,405.4657143,396.71,394.38,403.39,407.49,403.15,381.7657143,382.8244444,378.53,375.66,389.7457143,396.34,393.1366667,411.22,408.04,414.61,408.38,402.12,415.52,402.55,398.27,395.51,395.48,402.16,396.19,387.1866667,,,385.2357143,L7
2001-10-02 22:00:04+00:00,453.55,456.2885714,433.71,421.56,407.8585714,398.1,424.58,419.11,406.03,416.69,403.0485714,395.7,395.53,388.59,396.9385714,406.73,388.86,402.4,415.28,412.01,420.7,413.93,417.5,408.49,398.14,390.13,389.55,403,415.65,408.68,410.16,409.21,408.9885714,L7
2001-12-05 22:00:18+00:00,438.5333333,438.14,428.2933333,433.82,438.37,,428.11,416.34,,402.72,409.3,413.2088889,411.52,409.32,416.73,418.67,414.3033333,411.94,424.15,430.48,424.29,427.55,438.14,428.98,418.91,402.76,396.8,418,411.71,402.3533333,387.01,379.76,379.7,L7
2001-12-12 22:06:38+00:00,425.6133333,422.4171429,399.8033333,,387.5771429,394.42,399.86,381.5,,371.42,372.9871429,371.7855556,370.44,360.22,367.0171429,,,,385.23,381.68,389.47,,,,,370.28,374.52,383.77,382.13,374.5133333,364.47,363.07,375.7371429,L7
2002-02-14 22:06:53+00:00,455.8666667,438.7871429,441.7066667,445.94,422.7271429,434.58,427.63,427.86,409.18,418.75,397.8671429,394.0244444,391.82,389.02,392.7671429,405.86,420.1166667,440.17,436.28,415.37,426.77,433.58,441.43,454.62,429.42,420.48,431.31,435.33,,400.3166667,398.99,392.96,400.0771429,L7
2002-02-23 22:00:43+00:00,436.74,430.9257143,422.81,421.19,421.7557143,427.28,417.09,406.6,391.19,394.81,396.0557143,390.5466667,380.4,386.26,390.0757143,380.69,392.59,411.52,414.35,404.51,397.51,412.39,423.08,428.75,404.53,385.17,394.38,400.34,381.41,383.41,376.18,366.36,378.5957143,L7
2002-03-18 22:06:46+00:00,452.9133333,443.0257143,444.9533333,440.07,426.4157143,417.42,418.85,400.99,394.02,406.81,392.5357143,402.1355556,396.57,383.57,384.8057143,386.35,397.6033333,411.11,409.72,410.37,419.39,425.28,429.88,435.81,429.05,420.61,428.16,434.09,399.59,388.4033333,377.28,379.73,383.5957143,L7
2002-04-12 22:00:37+00:00,475.71,447.0628571,438.8,435.93,415.4628571,416.38,441.88,421.3,417.76,415.01,388.1028571,388.1033333,398.39,391.48,396.2228571,392.03,416.34,414.84,436.21,429.34,454.44,444.52,443.2,438.12,433.66,412.17,431,456.29,422.12,410.29,401.57,393.33,398.3128571,L7
2002-05-21 22:06:41+00:00,432.7333333,432.8371429,448.7833333,427.96,437.6671429,401.24,389.38,391.9,385.97,382.66,388.3471429,403.6855556,400.62,409.33,406.9371429,395.02,406.6833333,390.55,399.57,395.62,398.99,400.14,407.89,410.72,425.96,420.2,411.08,406.6,423.29,430.7433333,424.71,,373.7471429,L7
2002-07-17 22:00:08+00:00,418.97,419.8971429,453.3,434.89,455.1271429,420.89,421.86,417.75,,,,,,,,,,403,,,,,,,,,,,,,,,378.6471429,L7
2002-10-28 22:05:46+00:00,419.6066667,408.4185714,409.1066667,410.88,412.4985714,395.49,392.58,,,,,,,,,,,,,396.36,391.87,398.13,391.79,392.79,385.56,387.28,379.77,368.26,377,377.7466667,367.82,363.74,368.8385714,L7
2002-11-06 21:59:41+00:00,,,,,,,,,,379.32,368.2828571,358.8644444,364.17,360.34,361.1128571,352.54,,,,362.33,377.83,,362.66,369.75,372.13,367.06,376.15,372.79,376.2,362.8466667,371.68,372.52,374.5528571,L7
2002-12-08 22:00:03+00:00,431.8133333,414.03,400.3133333,400.92,392.59,376.01,380.95,,396.06,384.22,391.28,388.4155556,377.79,372.06,371.34,370.74,376.2733333,377.97,381.61,380.8,374.85,382.51,390.29,376.99,378.31,379.97,383.51,387.7,380.93,385.5733333,381.82,368.96,382.52,L7
2003-01-16 22:06:26+00:00,436.05,421.9485714,420.4,422.53,407.3685714,411.94,432.38,426.87,441.97,422.29,399.6485714,384.9566667,372.1,372.79,379.9185714,391.01,404.86,411.37,404.44,401.17,401.69,412.45,413.26,412.17,418.55,420.52,427.02,429.71,413.39,397.12,393.14,388.3,390.9985714,L7
2003-02-10 22:00:29+00:00,423.87,425.2057143,426.94,418.43,411.9957143,414.26,421.57,418.64,414.87,421.29,436.0857143,418.9833333,387.41,387.59,392.7157143,385,391.32,384.54,403.36,400.71,388.18,382.13,395.67,403.2,415.46,424.32,427.29,402.52,403.11,397.92,383.14,376.51,380.2757143,L7
2003-04-22 22:06:43+00:00,419.23,422.5585714,443.62,439.63,428.9385714,422.63,417.98,413.34,,421.26,431.9185714,426.6166667,419.01,434.29,438.8785714,419.51,417.51,405.03,402.54,407.54,400.05,409.15,416.86,426.93,435.8,407.19,398.32,402.86,421.18,426.46,,415.35,398.8485714,L7
2003-05-24 22:06:41+00:00,408.2266667,430.5014286,446.5266667,454.51,439.6514286,421.99,396.4,413,408.64,433.72,413.1514286,421.9544444,405.16,411.76,409.8314286,374.12,366.2366667,,,,,,,,,,,389.31,424.66,440.2966667,,,424.3714286,L7
2003-07-28 21:48:28+00:00,424.7666667,427.6271429,412.5566667,415.48,402.4871429,379.89,387.99,376.94,,417.89,381.3071429,379.2044444,377.29,374.22,376.7671429,376.57,363.0966667,364.47,377.45,385.94,393.39,373.15,373.76,387.63,392.95,382.34,391.62,368.57,391.78,394.7266667,393.91,378.85,385.1971429,L5
2003-08-13 21:48:45+00:00,450.82,447.5114286,445.77,436.96,416.8114286,412.4,421.43,,415.1,426.15,,,,,,,,,,,,,,426.19,419.77,406.03,416.06,403.16,413.59,415.33,419.38,419.38,416.6314286,L5
2003-08-29 21:49:02+00:00,,,,,,348.67,373.3,,,,,,,,,,,391.44,411.34,416.9,426.27,393.33,408,410.9,408.95,390.03,396.91,392.74,407.99,405.1633333,408.78,408.75,407.8942857,L5
2003-11-09 22:00:18+00:00,419.6433333,423.2471429,401.6833333,399.31,388.9271429,,,,,,,,,369.08,375.3671429,375.46,,,,,,,,,,,,,,,382.42,385.82,393.8471429,L7
2004-02-05 21:50:41+00:00,420.5333333,407.5971429,403.0333333,407,388.3771429,382.75,385.68,,400.57,381.68,379.9771429,379.5655556,376.61,369.15,372.3171429,375.03,370.4633333,373.64,383.9,386.22,395.33,377.32,382.73,387.16,378.27,377.36,393.84,399.88,389.33,381.8633333,378.86,384.22,396.3971429,L5
2004-03-23 22:07:16+00:00,,405.5371429,378.3966667,382.8,362.9471429,,,,,357.45,348.8571429,,,,,,,,,,,,,,341.83,,337.28,,,,,,,L7
2004-04-08 22:07:13+00:00,403.6033333,404.3385714,392.6133333,,,,358.03,,,368.76,359.9585714,349.2822222,354.87,356.35,365.8885714,377.24,352.4933333,366.57,373.87,369.62,,,,,364.28,,366.84,,,380.7433333,381.85,382.86,386.5085714,L7
2004-04-17 22:00:57+00:00,,,,,,,,,,,,,388.32,389.52,388.0528571,,,,,,,,,,332.43,372.02,385.02,408.36,417.68,395.8666667,394.3,393.66,,L7
2004-05-03 22:00:59+00:00,403.36,405.2214286,384.96,393.75,386.8114286,,,,,,,,,,,,,,,,,,,,,,,,,381.79,377.43,378.38,380.2814286,L7
2004-05-18 21:58:38+00:00,432.9466667,424.9214286,429.3066667,428.86,412.6614286,411.28,410.96,405.71,410.56,408.88,,,,,,,,,,,,,,401.9,396.58,396.26,401.32,414.42,420.13,413.5066667,410.53,410.82,401.4414286,L5
2004-05-26 22:06:45+00:00,438.4333333,425.0271429,421.0733333,,,,446.59,,433.25,443.28,,,427.78,416.67,,446.26,,431.01,435.45,431.57,,,,,441.45,445.02,435.86,,445.04,444.0333333,428.5,,,L7
2004-06-11 22:07:02+00:00,450.4733333,432.4542857,,456.27,,,451.26,445.18,432.54,435.46,,,,,,437.8,,432.13,443.99,430.29,445.24,,,,464.17,447.96,444.46,,,,,430.67,435.9342857,L7
2004-06-12 21:53:11+00:00,,,,,435.8771429,436.08,427.12,430.25,412.16,418.21,403.1471429,392.4788889,389.87,398.01,413.9571429,404.82,,406.06,424.58,422.46,413.68,,,,447.02,430.3,,,,,,,,L5
2004-07-13 22:06:58+00:00,,,421.5766667,406.62,393.87,394.35,407.6,410.39,401.85,397.93,383.04,377.2044444,369.18,,,,,,398.97,396.44,393.63,392.46,403.15,407.66,411.4,411.73,405.32,375.84,382.2,385.5066667,,,,L7
2004-07-29 22:06:51+00:00,,,,384.68,376.7528571,369.89,401.43,381.71,378.62,364.37,361.3228571,355.7311111,355,,,,,,,367.18,364.99,353.12,359.34,,,373.02,376.58,351.45,368.23,371.8566667,356.71,,,L7
2004-09-16 21:55:41+00:00,423.1766667,419.09,395.7766667,409.87,388.91,386.44,396.92,381.56,404.38,401.96,380.8,376.1644444,370.58,365.33,,,323.9966667,377.98,373.41,376.49,401.21,390.08,389.41,413.08,386.27,389.07,396.83,371.93,383.18,390.6366667,376.39,381.62,386.77,L5
2004-11-03 21:56:42+00:00,,,,443.41,438.46,434.41,440.22,438.73,420.5,415.71,413.38,409.2222222,411.95,424.46,449.4,,430.1933333,411.81,413.31,415.45,415.82,419.63,422.83,418.61,428,446.36,446.26,401.09,412.5,400.6433333,395.78,399.92,401.16,L5
2004-11-19 21:56:55+00:00,437.47,432.7985714,435.11,428,436.3885714,426.91,408.86,411.29,375.64,371.79,387.9385714,402.3433333,423.74,437.98,427.6285714,404.29,404.95,383.37,390.59,397.77,375.45,383.5,396.81,405.49,425.13,427.57,415.73,371.76,399.8,397.3,391.04,394.21,394.2985714,L5
2005-01-13 22:04:05+00:00,470.6033333,449.4814286,435.4633333,419.69,415.1614286,423.35,415.79,399.24,412.51,406.65,392.0214286,402.6688889,410.85,405.21,407.8714286,412.34,406.7633333,410.7,405.93,396.81,402.68,414.86,427.63,429.76,430.22,425.95,425.59,428.96,432.04,417.4533333,421.48,405.52,388.0914286,L5
2005-01-14 22:01:13+00:00,,,,,408.0714286,403.61,402.26,373.65,374.35,360.27,366.1914286,380.5144444,391.47,,,,,,,,,391.65,402.03,413.86,418.71,411.24,409.02,398.59,404.49,401.2666667,,,,L7
2005-01-21 22:06:59+00:00,,,,411.35,401.8985714,415.91,412.06,380.82,384.01,374.4,377.3185714,391.5222222,406.03,402.78,393.9285714,,,,,392.48,393.08,389.23,403.11,422.04,420.01,412.53,415.82,410.9,411.01,405.8333333,388.85,,,L7
2005-02-15 22:01:25+00:00,433.35,425.3442857,415,408.18,432.5242857,,,,,,,,428.3,432.33,426.2042857,420.46,413.87,382.46,407.79,402.83,384.93,392,,,,,,,,385.34,387.52,390.55,393.3042857,L7
2005-02-22 22:07:14+00:00,455.1433333,441.0842857,418.7133333,412.36,388.0142857,412.57,415.8,366.58,391.73,383.75,372.7542857,,,,,381.88,,398.13,383.16,386.2,391.61,373.87,396.97,415.19,408.82,397.48,403.81,,,,,,,L7
2005-03-03 22:01:30+00:00,459.2533333,433.7657143,430.6733333,,,,,,372.27,372.07,384.0057143,411.0922222,429.84,434.34,428.7957143,414.98,418.8733333,392.35,408.76,,,,,,,,,401.96,411.12,398.3733333,399.27,392.89,384.7157143,L7
2005-03-11 21:58:44+00:00,,435.3257143,408.7033333,412.5,387.0957143,374.39,408.67,340.83,,391.44,374.5657143,365.8888889,375.01,373.45,372.0357143,368.06,,394.79,371.89,349.44,,375.48,397.89,417.51,407.38,385.42,408.3,,385.73,391.5033333,387.64,378.52,376.4057143,L5
2005-03-18 22:04:58+00:00,436.6633333,425.9057143,425.5733333,416.6,419.6557143,427.65,415.88,403.45,388.61,378.35,388.8157143,390.6988889,401.51,405.51,406.5057143,397.43,402.3933333,395.34,408.86,412.62,406.43,406.03,403.64,398.49,414.96,424.46,423.17,,,,,,,L5
2005-04-03 22:04:40+00:00,451.56,432.9985714,417.72,395.55,408.4485714,428.63,411.97,407.71,392.43,382.79,391.6385714,394.2566667,407.27,408.94,414.1085714,398.72,405.62,390.09,398.1,396.76,391.81,399.6,400.87,400.22,419.19,429.33,418.75,404.46,414.1,399.92,380.83,366,374.5285714,L5
2005-05-06 22:01:25+00:00,442.2433333,435.07,410.0533333,,,,,,,,359.17,365.9522222,365.67,359.62,357.24,361.17,,380.08,369.84,,,,,,,,,365.98,392.59,389.9133333,,,,L7
2005-06-06 22:05:05+00:00,451.3233333,435.0314286,412.9433333,416.36,387.4114286,406.16,406.2,386.48,368,401.51,379.0514286,377.2722222,372.09,369.66,368.8414286,373.5,,379.52,388.88,399.18,412.35,399,402.88,419.4,412.91,399.51,398.75,394.06,409.23,398.5633333,388.58,383.96,,L5
2005-06-14 22:07:26+00:00,437.1733333,440.0057143,451.9733333,,,442.68,,,,436.1,,,,,,,439.7233333,425.15,,436.18,,,,442.14,446.04,,438.71,,,,,,,L7
2005-07-16 22:07:25+00:00,,,414.9633333,404.08,,,,,,,,,,,,,,,,,,,,,,,,,344.39,,,,,L7
2005-08-25 22:06:05+00:00,428.3766667,427.89,430.2266667,418.92,400.17,373.1,378.96,376.31,365.88,370.42,375.61,369.8111111,366.05,370.11,369.71,368.2,384.7766667,390.52,404.47,406.43,399.69,398.96,394.61,380.13,382.7,374.14,371.1,359.04,359.04,374.2666667,373.83,362.89,373.97,L5
2005-09-02 22:07:10+00:00,,,,401.82,374.2414286,381.39,375.64,367.08,352.51,378.1,374.3214286,370.1811111,368.41,344.82,,,,,372.33,375.95,382.74,380.26,388.6,399.52,392.06,372.09,373.44,366.44,382.43,382.3566667,,,,L7
2005-09-03 21:59:56+00:00,446.0233333,439.3428571,433.5233333,427.75,400.2628571,408.39,393.54,389.04,368.27,398.06,381.9228571,377.7322222,374.14,365.91,364.9528571,372.19,360.0033333,383.08,407.81,409.05,421.84,386.07,411.36,429.71,421.8,394.2,398.8,391.6,410.94,403.1533333,393.55,393.05,391.3328571,L5
2005-09-11 22:00:53+00:00,,,,,419.81,,,,,,,,391.15,394.53,,,,,,,,,,,,,,,,,,,,L7
2005-11-14 22:01:17+00:00,,,,,,399.03,390.02,378.19,378.83,389.99,376.6042857,374.94,373.5,375.51,,,,,,,,,392.89,402.04,390.36,386.01,396.96,395.72,397.82,388.25,387.44,,,L7
2005-11-21 22:07:31+00:00,,,,,,,379.29,352.06,352.1,346.7,354.6542857,361.2366667,366.88,371.61,376.1742857,375.75,378.21,370.12,366.84,,,,,,380.81,374.56,378.09,368.45,369.22,372.21,365.8,360.78,372.3942857,L7
2005-11-22 22:00:23+00:00,433.28,431.2057143,431.36,416.46,414.5057143,401.44,404.88,395.4,389.53,382.81,388.2057143,387.4933333,391.65,393.88,397.8057143,398.45,404.61,387.82,382.66,390.69,391.81,386.62,384.73,393.83,396.08,396.33,401.43,392.72,386.66,387.39,370.5,370.22,382.4857143,L5
2005-11-30 22:01:24+00:00,426.7833333,435.2342857,,,,,,,375.42,384.39,372.8642857,371.1055556,372.02,377.09,383.4242857,391.52,375.6633333,,,,,,,,,,390.67,390.53,391.29,381.7033333,386.03,380.71,386.4342857,L7
2005-12-16 22:01:26+00:00,,,,,,403.05,396.53,393.56,392.56,398.69,387.5971429,383.7355556,384.29,381.05,,,,,,,,,402.18,417.04,408.55,403.95,407.88,415.88,420.73,403.8533333,397.39,,,L7
2006-01-08 22:07:49+00:00,,,420.27,416.38,430.9857143,426.39,415.52,399.45,388.69,389.58,403.8257143,414.5666667,418.77,,,,,,389.8,405.03,391.88,394.33,410.42,412.81,425.48,417.68,408.26,392.96,395.92,402.9,,,,L7
2006-02-18 22:01:53+00:00,437.5466667,,,,,,,379.24,373.26,361.8,359.7528571,369.9744444,383.48,394.49,408.9628571,408.09,395.7566667,,,,,,,,,406.58,393.48,360.86,377.42,385.5266667,384.06,376.06,371.3628571,L7
2006-04-06 22:09:08+00:00,439.5333333,427.0085714,419.6133333,410.34,424.2785714,426.15,411.48,,393.8,370.14,360.3385714,365.3222222,379.3,397.29,426.9385714,420.7,410.0333333,383.25,391.88,400.93,397.37,398.24,401.55,405.5,409.28,418.65,408.4,367.65,367.49,375.8933333,384.22,392.94,390.6985714,L5
2006-04-15 22:03:30+00:00,420.8166667,419.1285714,398.8066667,405.89,389.2085714,396.17,373,343.77,358.71,376.32,363.2985714,361.3544444,,,,,,,,378.58,391.09,379.34,381.27,403.44,398.25,383.98,380.78,353.13,377.01,372.9166667,374.27,361.26,376.4185714,L5
2006-06-10 22:01:49+00:00,,,,,,371.44,393.92,359.32,343.89,,,375.1111111,370.02,363.3,372.2014286,,,,,,,,,,382.84,367.65,379.43,356.44,369.33,371.0566667,370.17,342.22,,L7
2006-06-26 22:01:44+00:00,,,,411.79,397.3071429,400.74,410.93,,,410.56,387.4571429,,,,,,,,,,,,,,,,,,,,,,,L7
2006-07-04 22:04:41+00:00,403.2666667,406.7428571,381.6866667,,363.7428571,,,345.28,341.5,,355.1028571,363.2977778,359.87,347.97,348.5128571,,,349.57,362.3,356.73,362.11,360.2,372.05,,359.74,368.83,367.38,339.46,334.71,,,,,L5
2006-07-27 22:11:11+00:00,431.6533333,429.25,424.6633333,404.92,384.9,390.67,401.57,,378.04,391.55,384.57,383.4822222,381.82,374.85,374.91,,372.3233333,381.95,404.01,367.53,371.45,376.78,389.85,412.12,398.56,393,400.96,378.96,390.52,382.7733333,382.72,,365.32,L5
2006-07-28 22:01:30+00:00,,,,,,376.38,391.45,355.19,365.36,,,,,,,,,,,,,,,,,,,,,,,,,L7
2006-09-05 22:07:35+00:00,407.43,415.7557143,385.67,385.3,367.2157143,348.25,366.65,,,,,,365.48,356.7,347.5457143,,324.16,344.03,374.54,333.29,346.86,343.35,350.54,375.1,365.72,358.62,,,352.48,356.9,345.06,342.41,355.3957143,L7
2006-10-07 22:07:20+00:00,418.99,416.6114286,399.62,413.94,,,,,366.99,399.41,377.2914286,374.2266667,369.04,366.15,375.2514286,384.93,362.54,384,405.64,,,,,,,,392.11,360.44,390.93,383.89,380.67,372.44,377.5314286,L7
2006-10-08 22:05:53+00:00,395.57,398.4442857,379.96,398.73,369.5142857,343.66,354.61,,,379.25,369.3542857,358.98,357.39,349.16,360.4942857,363.09,333.38,,371.92,329.94,347.39,354.29,369.56,385.28,373.53,369.49,368.2,328.31,359.56,357.6,368.98,337.99,368.2542857,L5
2006-10-24 22:06:02+00:00,414.14,420.8057143,395.72,399.64,375.7057143,371.31,395.79,,370.2,359.97,359.4457143,365.37,362.55,356.48,360.4857143,361.79,335.68,,387.41,341.59,367.42,362.12,369.36,396.67,375.42,362.97,369.6,322.98,354.27,364.1,361.79,341.58,354.2557143,L5
2006-12-10 22:08:08+00:00,423.9633333,424.1114286,425.1333333,402.68,390.7714286,385.3,387.56,,,,,,383.12,388.88,390.9814286,386.86,,391.39,399.15,,398.9,394.84,403.66,399.36,389.83,,,,375.56,381.4933333,373.41,353.06,355.5014286,L7
2006-12-11 22:06:28+00:00,,,,,,,,,,,,,,,,,,,,,,,,,,,,,450.13,,,,,L5
2007-01-04 22:02:01+00:00,458.22,452.6128571,452.99,,,,,,425.05,416.75,395.6028571,393.3433333,395.46,401.31,409.3328571,417.75,411.79,437.58,442,,,,,,,,,421.08,420.24,407.91,411.82,404.56,393.3428571,L7
2007-02-04 22:12:33+00:00,433.9666667,433.6042857,418.6366667,428.22,408.5042857,400.54,404.43,384.98,406.13,400.34,383.5042857,386.1811111,386.22,384.2,385.0142857,381.54,374.0266667,403.75,418.84,403.95,427.7,431.33,434.4,433.52,410.44,404.17,407.46,392.74,404.46,395.0866667,399.83,390.14,383.6742857,L5
2007-02-12 22:08:24+00:00,452.2433333,457.3,448.4233333,440.69,434,,,,,391.18,399.9,410.7222222,414.14,417.2,423.57,419.3,,397.81,405.77,413.8,419.63,446.56,451.09,443,,,,397.57,415.74,416.1633333,409.45,402.63,399.23,L7
2007-02-13 22:06:47+00:00,455.0533333,453.1971429,444.6233333,438.89,424.4471429,405.34,404.26,396.92,396.82,382.98,386.2571429,395.5955556,,,,,,,405.21,408.41,417.09,434.8,445.03,438.63,419.3,410.14,396.46,397.15,403.83,403.3133333,400.36,395.89,396.6671429,L5
2007-02-28 22:08:05+00:00,442.38,439.31,420.15,422.8,406.01,394.08,399.31,363.77,384.06,,,,,374.8,380.07,392.45,377.57,381.76,394.34,389.53,418.44,420.27,425.75,428.43,412.32,391.95,380.92,,,,369.32,379.02,383.87,L7
2007-05-28 22:02:04+00:00,,,,,,367.37,374.33,,,342.93,354.52,357.3066667,358.18,357.04,354.01,,,,,,,,,377.26,378.28,361.6,367.84,,,360.28,349.14,,,L7
2007-06-13 22:02:04+00:00,,,,,,384.73,396.94,378.04,404.89,381.87,372.1842857,375.7288889,371.13,358.5,,,,,,,,,,409.09,397.17,386.21,390.48,376.77,387.54,393.5733333,384.63,,,L7
2007-07-15 22:02:00+00:00,456.8333333,459.6042857,455.3333333,435.36,,,,,,,,,388.61,383.96,390.4642857,395.79,395.5733333,415.9,433.18,407.63,429.83,,,,,,,,417.14,411.3533333,413.43,,,L7
2007-07-22 22:08:09+00:00,419.0866667,,,,391.21,378.87,371.79,370.22,,371.1,355.82,349.5744444,360.95,351.08,348.19,351.1,,,,,,,382.16,,368.97,373.3,,,,,,,,L7
2007-08-16 22:01:50+00:00,444.4833333,439.0014286,431.3333333,,,,,,,,,387.4988889,386.79,383.6,387.1214286,379.16,383.0833333,386,407.55,381.39,,,,,,,,,,,,,,L7
2007-10-02 22:10:55+00:00,424.5666667,419.3228571,403.9666667,398.7,379.4028571,358.29,355.81,348.94,,331.16,350.1728571,360.0344444,367.27,373.37,370.7128571,354.23,371.4166667,349.84,357.97,362.87,362.25,,371.13,,369.11,357.97,358.51,340.77,354.31,372.8166667,368.77,361.79,381.8928571,L5
2007-11-27 22:07:48+00:00,428.0633333,420.4885714,414.0333333,414.25,398.6585714,,,,,,378.2185714,376.5222222,378.07,375.7,383.1785714,392.57,386.2633333,386.74,397.16,375.11,395,403.89,400.23,,,,,371.86,383.89,387.5533333,386.06,377.21,384.2585714,L7
2008-02-24 22:02:02+00:00,440.03,431.6842857,426.64,422.8,405.9642857,399.36,,,,,,,,,388.8042857,400.41,407.99,398.74,412.03,394.86,417.13,409.27,422.65,,,,,,,,,390.27,400.6742857,L7
2008-03-18 22:08:08+00:00,411.0033333,423.9557143,419.1533333,411.81,408.3857143,402.82,,,411.47,,,,,392.19,400.2157143,406.05,407.1733333,407.58,407.33,398.96,424.13,422.92,413.38,411.22,,400.78,395.62,,,,,,,L7
2008-03-27 22:01:57+00:00,435.5833333,424.2385714,420.8533333,428.6,419.7685714,420.89,,,,,,,,,407.4585714,415.44,409.6933333,413.67,416.42,415.9,415.15,426.32,428.97,421.95,,,,,,,395,394.74,391.4585714,L7
2008-04-03 22:08:08+00:00,424.2,419.6342857,410.98,411.42,402.2442857,,,,,,389.1342857,381.8566667,383.06,380.79,387.3642857,397.13,403.07,408.87,410.93,403.8,414.04,415.05,413.4,,,,,395.86,396.78,394.25,388.83,386.66,387.1942857,L7
2008-04-28 22:01:53+00:00,,,,,,399.99,366.17,,,,321.1742857,340.0833333,338.68,325.95,,,,,,,,,,402.24,407.6,394.22,387.33,,,342.61,,,,L7
2008-08-18 22:00:56+00:00,405.0566667,404.39,400.8766667,,,,,,,,360.38,,,,,,,,,,,,,,,,,,,,364.65,357.33,357.5,L7
2008-09-26 22:06:23+00:00,405.45,409.4371429,395.96,375.8,367.7871429,364.02,362.4,345.49,348.6,347.11,348.3971429,,,,,360.45,,,359.09,361.22,355.35,352.95,366.69,358.27,358.87,358.62,358.2,,,,,,358.7871429,L7
2008-10-21 22:00:36+00:00,424.05,413.5828571,424.18,,,,,,,347.35,352.9028571,355.3966667,356.17,354.57,402.4528571,409.65,415.53,401.71,394.01,,,,,,,,,357.85,367.48,374.91,368.7,362.34,364.7028571,L7
2008-10-29 21:55:24+00:00,426.8,424.5657143,413.04,404.38,376.9357143,384.01,377.28,366.07,370.68,376.35,360.7157143,352.2566667,362.86,368.18,383.4957143,390.61,373.42,371.68,386.45,390.93,389.67,374.5,,,,,,376.76,,,,,,L5
2008-11-13 22:06:43+00:00,419.8933333,417.9514286,397.8433333,405.7,384.9314286,390.24,381.43,374.15,365.8,378.96,,,,,,391.34,372.2133333,378.56,392.27,391.04,397.66,385.74,394.81,393.98,381.55,381.6,385.1,,,,,372.99,375.2414286,L7
2008-11-29 22:06:55+00:00,432.3066667,,,,386.0171429,392.35,391.97,392.24,377.26,385.99,367.2071429,363.2944444,360.62,369.51,386.0971429,398.95,,,,,393.28,390.98,389.22,388.4,377.64,374.85,384.09,390.15,394.97,393.0466667,379.42,370.71,,L7
2008-12-15 22:07:05+00:00,,,,394.73,372.9371429,381.47,380.18,383.67,373.62,374.96,358.4471429,352.3933333,353.27,359.18,374.9271429,,,,,,389.08,382.23,377.03,375.88,368.12,371.48,378.2,376.7,381.73,384.44,376.51,,,L7
2008-12-31 22:07:37+00:00,432.79,422.4314286,405.33,,,,390.96,382.93,358.24,357.85,352.5014286,356.3233333,356.6,363.2,373.0814286,380.46,381.08,376.88,386.02,,,,,370.52,367.72,370.27,367.58,373.69,379.83,385.65,380.42,371.42,367.3014286,L7
2009-01-25 22:01:34+00:00,444.9366667,438.4685714,413.2166667,405.39,387.5685714,,,,,,,,369.29,377.13,394.4185714,412.94,409.7966667,410.86,412.68,410.07,402.27,376.53,,,,,,,,404.0666667,397,386.75,375.2085714,L7
2009-02-02 21:57:22+00:00,432.0466667,421.9714286,392.9266667,359.84,364.2314286,389.13,388.44,376.31,357.62,337.39,343.8014286,349.3044444,354.47,367.39,393.9214286,383.75,387.6566667,371.58,377.85,381.81,377.93,372.85,367.17,358.5,356.73,361.39,352.48,346.16,367.15,381.7666667,367.15,349.27,347.6814286,L5
2009-03-21 22:08:11+00:00,,,,,,406.21,412.98,415.87,392.19,,354.1842857,358.6066667,362.42,371.86,390.6642857,403.3,,,,,414.94,,415.03,411.65,402.12,393.71,386.75,,400.12,401.7,389.87,383.84,,L7
2009-04-15 22:02:09+00:00,427.13,416.8071429,410.4,392.64,393.3771429,391.33,,,,,,,,367.5,382.2971429,389.73,388.46,393.95,392.27,387.43,386.18,390.64,392.64,382.57,,,,,,,374.52,360,361.9071429,L7
2009-05-17 22:02:15+00:00,407.8833333,399.4785714,382.0933333,356.07,361.2185714,,,,,,,,339.18,337.19,,,,,,,,,,,,,,,,,,,,L7
2009-06-02 22:02:15+00:00,,,,,,370.96,382.97,,355.88,355.46,361.1614286,361.12,357.93,,,,,,,,,,387.12,392.02,383.06,381,384.17,361.77,362.96,367.97,,,,L7
2009-06-09 22:08:01+00:00,,,,,,,,451.09,,,,,,,,,433.86,,,,,,,,,,,,,,,,,L7
2009-07-20 22:02:06+00:00,432.02,428.9085714,421.15,419.47,401.6485714,394.39,,,,,,,,,,,,,,,,,,,,,,,,,,,,L7
2009-08-05 22:02:01+00:00,,,,,,,,,,343.21,339.4614286,338.5622222,352.31,350.15,,,,,,,,,352.65,364.32,353.06,352.23,353.81,,345.12,354.1933333,347.62,,,L7
2009-08-21 22:01:59+00:00,423.8066667,423.5114286,408.9466667,420.49,397.2214286,386.53,,,,,,,,,377.6914286,388.88,395.4566667,387.74,399.63,393.82,403.65,390.95,394.68,,,,,,,,,377.65,369.5814286,L7
2009-09-06 22:01:59+00:00,459.3033333,437.81,,,,,,419.43,426.26,422.57,401.8,392.3488889,393.27,389.68,402.25,417.3,420.4233333,,,,,,,,,411.37,419.45,,,405.6033333,400.67,394.73,397.73,L7
2009-09-13 22:07:45+00:00,422.3166667,416.6071429,412.7266667,397.38,404.7471429,405.99,,,,,388.3671429,379.2944444,383.39,386.85,406.6871429,394.65,390.2666667,,398.15,393.17,371.12,376.27,394.16,,,,,364.97,369.37,367.9566667,363.92,380.68,386.0171429,L7
2009-10-15 22:07:44+00:00,,,,,,,,,,,,,,423.95,426.5528571,423.45,417.09,422.62,,,,,423.96,,407.03,405.81,399.89,,,414.32,418.41,407.37,424.2428571,L7
2009-12-18 22:09:03+00:00,429.0433333,,,,406.3685714,408.26,405.99,392.51,387.74,402.25,385.7085714,383.7588889,379.13,375.4,382.3585714,390.39,383.9633333,,,,,410.99,417.33,,406.24,408.8,405.18,396.19,405.57,389.3933333,388.49,388.35,378.5085714,L7
2009-12-27 22:03:02+00:00,,401.5214286,398.3466667,388.67,393.3914286,374,385.17,372.34,353.39,,,,,,,,,382.85,380.05,380.82,377.39,,374.31,368.02,378.45,382.71,,,,,,,,L7
2010-01-28 22:03:31+00:00,,,,,,409.6,413.69,414.05,403.46,408.31,389.2828571,382.7411111,379.29,373.1,358.3928571,,,,,,,,,417.91,418.06,,,,,,,,,L7
2010-02-12 22:08:54+00:00,429.8466667,417.04,425.7266667,441.6,427.09,401.38,393,,,,,,375.41,383.2,397.32,404.44,401.2666667,423.85,417.19,392.97,399.79,409.8,405.08,392.68,411.09,422.87,424.19,417.99,416.31,404.9666667,393.68,387.27,,L5
2010-03-08 22:10:05+00:00,407.8533333,424.0242857,436.6233333,438,447.5142857,,,,,,,421.5488889,388,388.23,412.9942857,420.77,422.7433333,418.15,427.36,426.36,411.78,413.48,416.75,417.15,,,,,,,,,,L7
2010-03-17 22:03:57+00:00,429.1033333,419.4142857,424.5233333,,,,,,403.81,410.91,388.9442857,380.3422222,377.5,380.8,384.0142857,383.94,,405.47,,,,,,,,,408.42,411.12,406.54,403.6433333,405.14,399.01,397.2042857,L7
2010-03-24 22:09:46+00:00,408.51,416.3457143,411.97,,,,393.31,396.62,383.13,385.69,397.4057143,396.0566667,385,384.29,383.2757143,399.3,418.67,377.35,,,,,,397.86,407.98,406.34,405.06,388.72,393.66,391.42,391,387.34,391.7457143,L7
2010-04-02 22:04:01+00:00,421.5166667,416.9771429,428.4166667,414.82,,,,,,,,,,,,,,,,,,,,,,,,,,,,,,L7
2010-04-09 22:10:12+00:00,427.4433333,435.14,439.3333333,,,,408.45,409.82,403.53,407.67,411.55,424.9588889,414.38,394.34,403.37,422.01,429.3233333,415.89,413.24,,,,,,,403.09,405.71,,,,,,,L7
2010-05-27 22:10:07+00:00,411.03,404.1071429,391.48,401.41,,,,,336.62,371.48,362.3771429,360.27,367.63,366.19,373.0371429,375.55,,379.45,383.64,379.45,394.98,,,,,,383.32,377.26,375.9,,,,,L7
2010-08-31 22:09:52+00:00,430.9633333,423.34,417.5633333,,,,387.63,390.91,376.23,383.58,373.5,365.9422222,376.78,395.28,407.34,407.86,413.2533333,395.32,408.13,,,,,395.47,404.16,409.91,401.16,389.7,376.75,376.4633333,376.74,376.11,372.02,L7
2010-09-25 22:04:05+00:00,407.0266667,402.2242857,,,,,,,,,367.6142857,360.5011111,361.52,355.84,355.4342857,352.96,,,,,,,,,,,,361.88,,,374.49,346.09,362.7742857,L7
2010-10-02 22:09:49+00:00,429.0933333,404.9814286,420.4133333,427.09,433.8314286,420.09,425.43,,,398.26,386.4314286,,,,,,,,400.65,404.85,393.57,420.14,428.13,,,,373.07,,,,,368.85,372.6914286,L7
2010-11-12 22:04:30+00:00,406.75,397.5714286,407.54,,,,,,,,391.6014286,379.75,362.21,358.46,380.0214286,382.67,390.96,379.15,367.84,,,,,,,,,357.25,364.25,375.18,376.32,364.53,366.4514286,L7
2010-11-27 22:07:48+00:00,406.48,410.5728571,421.74,424.84,435.3228571,423.82,424.18,413.07,410.27,408.66,408.4928571,408.42,382.6,395.14,411.5928571,403.91,396.69,389.94,392.16,402.21,401.02,419.61,429.5,429.05,422.9,414.58,409.24,408.46,394.1,386.94,393.24,392.35,389.1728571,L5
2010-12-05 22:10:56+00:00,412.79,403.4628571,404.09,,,,,401.18,371.71,396.27,381.5928571,381.7333333,375.16,373.16,376.6128571,374.68,358.25,369.41,384.36,,,,,,400.4,396.26,395.55,392.35,392.71,383.26,381.24,372.75,378.3528571,L7
2011-01-07 22:01:44+00:00,433.57,426.3214286,425.5,429.64,416.2114286,413.47,403.61,404.33,391.8,398.01,389.6014286,393.21,397.33,403.81,408.9414286,407.9,394.48,387.22,384.49,373.42,392.93,409.42,416.49,412.43,408.31,405.22,406.97,411.06,407.36,391.41,395.25,389.75,392.1514286,L5
2011-01-15 22:05:06+00:00,416.9866667,415.18,417.1266667,412.85,413.45,404.03,,,,,,,,,411.34,407.16,397.6166667,376.16,361.18,363.5,369.67,385.28,397.85,398.45,,,,,,,366.93,368.74,380.17,L7
2011-02-16 22:05:15+00:00,424.9533333,425.4528571,420.3833333,407.77,,,,,,,,394.1655556,394.3,395.14,404.8428571,405.76,381.5633333,381.56,385.39,357.45,,,,,,,,,,,,,,L7
2011-03-12 22:01:43+00:00,437.7133333,426.0914286,443.1333333,,,,,428.28,,429.98,419.5914286,413.5755556,393.92,394.34,418.5414286,430.75,,,419.55,417.86,406.47,399.7,432.7,,449.5,443.82,402.79,405.5,415.02,407.9933333,,,376.1414286,L5
2011-04-12 22:11:12+00:00,,,,,,394.74,,,,,385.1657143,386.9611111,385.34,372.14,363.2657143,367.91,389.6166667,386.89,395.39,391.21,380.57,390.14,396.93,393.99,,,,358.48,356.14,365.6566667,361.57,365.73,373.8057143,L7
2011-05-07 22:05:25+00:00,411.6,412.7328571,390.66,382.88,376.3528571,367.33,,,,,,,,,354.0128571,355,350.56,352.93,365.51,370.84,380.38,390.36,386.94,373.93,,,,,,,,,380.0028571,L7
2011-05-23 22:05:23+00:00,,,407.3133333,392.1,383.3142857,391.27,405.85,407.51,387.74,392.53,,,,,,,,,414.93,422.49,412.32,416.72,410.99,409.63,410.6,405.37,392.83,,,,,,,L7
2011-07-26 22:05:18+00:00,,,,,,,413.47,395.48,376.38,367.94,361.6314286,348.9611111,348.08,364.09,389.7814286,376.3,,,,,,,,,400.72,389.97,390.16,393.44,381.57,382.2466667,373.56,374.45,,L7
2011-08-11 22:05:13+00:00,,,,,400.5185714,411.03,412.83,397.95,386.21,381.38,,,,,,,,,,,,,,,,,,389.07,387.91,,,,,L7
2011-08-27 22:05:11+00:00,,,,,,377.17,,,361.75,369.07,359.5657143,361.4977778,363.27,361.32,,,,,,,,,,371.32,369.01,367.42,368.42,374.88,375.2,373.5566667,368.33,,,L7
2011-09-04 22:00:27+00:00,399.0533333,387.1257143,397.6833333,409.49,421.3457143,407.11,415.24,406.38,368.48,380.12,348.8857143,353.8155556,345.76,354.99,386.9357143,386.13,,388.64,394.92,398.77,382.98,399.67,407.23,403.65,405.6,375.81,363.11,386.4,370.6,373.0433333,370.31,380.03,381.7957143,L5
2011-09-19 22:11:15+00:00,400.97,394.2271429,390.77,384.55,387.0371429,,,,366.84,350.61,351.5671429,357.2533333,352.17,354.1,356.1471429,352.01,357.21,360.78,362.83,369.41,371.54,366.18,,,,,357.33,360.13,359.38,366.65,361.88,361.14,369.8571429,L7
2012-01-25 22:11:59+00:00,407.7766667,404.0628571,393.6466667,403.76,393.2328571,390.75,,,,,375.1628571,365.1277778,367.32,369.55,371.3028571,373.23,362.6666667,358.46,383.31,379.96,383.14,392.96,405.73,393.51,,,,381.54,391.75,381.6766667,381.89,381.32,387.3028571,L7
2012-03-29 22:12:06+00:00,,396.66,398.1666667,401.41,396.72,369.32,,,,,,384.9677778,387.3,382.7,388.28,371.29,376.9766667,376.85,375.87,393.2,392.83,395.76,406.77,397.09,409.39,,,,386.22,391.4866667,394.19,399.24,399.3,L7
2012-04-14 22:12:03+00:00,,,,383.69,380.32,357.66,364.54,356.2,362.71,361.13,360.53,364.0344444,364.13,367.94,357.29,,,,,,,355.85,357.27,360.09,366.49,358.19,361.21,355.85,365,369.0566667,374.47,377.75,,L7
2012-04-23 22:06:04+00:00,427.6033333,409.0314286,,,,,,,,,394.6514286,386.3522222,386.42,383.7,388.6114286,397.8,392.3233333,404.89,,,,,,,,,,,,413.5333333,416.18,417.99,406.1214286,L7
2012-06-01 22:12:23+00:00,382.9933333,395.5242857,391.8233333,371.41,352.8442857,344.8,340.68,334.46,,338.9,,,,,,,350.5433333,,362.72,353.57,,340.47,348.78,341.58,352.18,350.32,345.35,,,,,,,L7
2012-07-12 22:06:34+00:00,378.62,406.8414286,416.38,,,,,,,,340.3814286,343.5533333,348.69,349.03,380.7614286,394.82,,372.78,,,,,,,,,,,,,,,,L7
2012-09-05 22:12:57+00:00,409.8933333,395.8685714,,,,369.34,360.81,331.11,367.25,353.64,351.7685714,361.3222222,365.76,366.82,363.4985714,353.69,351.4333333,,,,,,363.56,355.25,374.67,381.88,370.37,358.87,348.72,,,,359.5885714,L7
2012-09-30 22:07:25+00:00,407.57,395.13,,,,,,367.71,373.23,389.47,376.16,370.65,366.9,368.99,372.19,381,376.05,,,,,,,,,,396.67,377.65,385.28,375.91,384.71,385.99,390.18,L7
2012-10-16 22:07:34+00:00,399.0933333,,,,,,365.89,373.2,351.69,394.35,382.3171429,374.9888889,372.96,372.05,376.3071429,374.89,,,,,,,,,,401.5,406.01,367.8,390.03,379.0733333,374.13,355.11,,L7
2012-11-08 22:13:51+00:00,393.43,410.8671429,427.59,,,,389.96,382.54,,400.23,407.4671429,392.38,367.24,370.78,413.9371429,,,,,,,,,,430.35,425.44,413.89,411.32,418.47,401.12,392.34,400.82,395.0571429,L7
2012-11-17 22:07:47+00:00,400.71,401.7214286,403.58,403.31,374.9014286,,,,,,,361.3133333,361.97,365.52,368.7914286,368.15,360.51,372.48,381.46,384.42,382.73,,,,,,,,382.56,379.23,388.71,382,381.4214286,L7
2012-12-10 22:13:38+00:00,414.2833333,,,,,389.49,377.29,369.5,373.07,389.75,380.8157143,374.2622222,378.6,395.63,392.8757143,387.65,376.3233333,,,,,414.72,422.05,421.28,402.82,395.73,394.1,392.06,388.11,381.8733333,386.81,395.86,392.2957143,L7
2013-01-04 22:07:58+00:00,,,,,,,376.3,363.05,357.21,371.38,382.3214286,380.9844444,387.89,395.98,393.0814286,,,,,,,,,,394.14,391.59,388.6,384.77,386.28,381.4466667,372.15,375.6,,L7
2013-02-05 22:08:01+00:00,,423.8857143,415.8533333,401.06,406.5657143,390.14,380.23,359.14,,,,,,,,,384.5333333,373.22,383.65,402.08,397.97,400.35,405.17,404.72,407.52,400.15,,,,,,,,L7
2013-02-21 22:07:58+00:00,,,422.4033333,414.45,405.2028571,400.54,391.6,382.05,367.6,,,,,,,,,,393.29,408.31,408.96,414.51,413.48,410.54,410.98,407.93,406.59,,,,,,,L7
2013-03-09 22:07:57+00:00,431.5233333,,,,,,,,382.29,387.99,382.3071429,385.4022222,383.58,383.98,387.3871429,392.42,382.9833333,,,,,,,,,,370.86,,,,,,402.5571429,L7
2013-04-10 22:07:50+00:00,,444.93,432.5833333,431.64,411.92,407.48,402.43,,,,,,,,,,388.9633333,,425.26,431.84,430.04,452.47,435.1,424.49,423.96,422.73,438.26,,,,,,,L7
2013-04-25 22:19:21+00:00,,,,,,,,414.03,365.56,369.3,358.0214286,,,,,,,,,,,,,,,,,,,,,,,L8
2013-05-11 22:19:55+00:00,435.0566667,435.2257143,416.2066667,413.34,390.5557143,389.5,380.45,,378.95,393.02,382.2257143,376.9711111,372.71,373.49,374.9257143,375.27,362.1266667,372.74,393.81,402.16,399.97,387.63,395.34,399.04,399.46,402.89,399.37,379.72,382.79,386.2766667,385.81,380.74,385.5457143,L8
2013-05-12 22:07:41+00:00,444.4566667,438.0157143,412.8266667,,,,,,,404.55,391.8557143,382.5544444,378.84,375.97,382.5557143,393.1,396.1766667,409.19,403.18,,,,,,,,,408.82,409.46,398.9866667,397.87,,394.8757143,L7
2013-06-04 22:13:40+00:00,,,,,374.8,349.31,,,,,344.76,346.8388889,349.66,352.47,354.92,,,,,,,,,,,,,,,,,,,L7
2013-06-20 22:13:37+00:00,,,,376.6,,,,,,,,,,,,,,,,,,,,,,,,,,,,,,L7
2013-06-28 22:19:57+00:00,,390.9871429,405.3733333,415.67,384.1471429,378.45,393.38,394.01,,397.01,373.8571429,349.1288889,338.07,347.47,361.9471429,383.66,391.5733333,,402.41,392.05,390.42,403.01,407.2,405.7,393.48,386.62,369.65,374.99,374.52,,,,,L8
2013-07-07 22:13:48+00:00,,389.4257143,390.1166667,396.06,371.0257143,361.43,,,,,365.0357143,354.9744444,353.6,355.76,349.5657143,343.26,,,,364.64,,349.65,371.06,380.19,375.03,370.94,362.55,327.42,348,,,,,L8
2013-07-15 22:07:11+00:00,403.71,408.3057143,411.56,,,,,,,,378.9557143,376.1566667,344.02,351.24,370.7757143,375.18,376.33,368.61,389.37,,,,,,,,,359.05,350.75,,,,,L7
2013-08-23 22:13:22+00:00,423.3033333,421.8271429,425.1733333,,,406.89,397.15,407.36,395.27,401.1,386.8771429,378.3055556,374.07,374.45,377.4871429,388.33,378.5333333,391.41,392.6,,,,,410.31,406.16,404.86,403.94,394.02,397.71,388.7233333,392.3,389.2,381.0471429,L7
2013-08-31 22:19:38+00:00,405.2066667,401.7342857,399.5966667,390.22,389.0342857,382.65,382.51,380.35,362.82,366.07,366.5642857,365.5244444,359.16,358.52,361.5342857,369.97,377.2466667,369.03,381.17,389,382.16,383.3,391.54,390.44,391.73,388.64,387.67,368.07,358.44,368.9066667,360.07,362.56,369.4742857,L8
2013-09-17 22:07:29+00:00,404.0266667,406.2271429,402.9866667,399.39,387.0571429,378.33,371.2,382.52,,,,,,,,,364.9766667,367.28,374.72,383.32,369.84,380.16,381.8,385.16,384.75,385.2,,,,,,,,L7
2013-10-02 22:19:28+00:00,370.34,394.5114286,383.33,382.48,371.6514286,350.34,343.46,354.02,327.31,344.08,353.3314286,358.2266667,356.73,357.1,350.2314286,346.82,334.79,327.91,341.88,359.55,335.19,,347.67,356.75,365.52,369.46,372.1,346.97,344.12,345.82,348.42,341.45,359.5814286,L8
2013-10-26 22:13:39+00:00,404.0266667,403.2485714,395.7666667,380.73,390.8185714,392.23,,,,,364.1985714,362.9111111,369.54,388.63,398.7285714,391.7,392.9666667,394.48,389.05,387.12,378.16,377.75,385.27,376.89,,,,369.75,366.27,371.3066667,364.6,365.27,374.2585714,L7
2013-10-27 22:13:31+00:00,379.4133333,390.5214286,378.1933333,369.65,372.0414286,362.01,361.24,,,,,,,,,,,,,,,,,,,,,,,,,,,L8
2013-11-03 22:19:20+00:00,417.8333333,418.2228571,412.8533333,,406.6128571,399.54,394.82,419.17,382.56,,386.0628571,375.9488889,375.52,379.35,389.4228571,397.14,379.9333333,393.43,404.95,407.74,400.36,399.38,402.25,416.7,406.21,410.52,413.88,404.32,405.86,390.1533333,393.74,386.39,389.1328571,L8
2013-11-12 22:13:32+00:00,407.6666667,398.18,398.7266667,383.1,387.2,387.24,389.04,386.13,360.87,357.29,348.03,351.0944444,355.1,370.78,389.72,395.5,401.9566667,387.72,386.95,385.69,380.06,373.81,374.02,,368.79,372.05,375.67,374.35,367.22,358.1266667,,,359.93,L8
2013-12-05 22:19:13+00:00,426.25,419.6757143,421.3,426.28,406.9657143,406.72,403.55,425.41,403.19,410.45,385.8757143,371.6666667,372.83,383.48,395.9757143,407.82,,400.25,419.31,411.93,406.04,414.47,411.84,415.52,407.24,414.67,417.84,,415.29,403.16,404.78,394.81,388.0757143,L8
2014-01-06 22:19:18+00:00,398.8266667,392.0071429,395.2266667,403.36,407.2271429,387.06,377.4,372.77,381.37,389.29,372.9271429,360.0444444,358.84,374.46,391.4171429,402.18,414.0466667,404.27,393.87,383.73,389.45,395.97,398.16,385.85,388.23,387.04,384.07,372.58,375.33,370.0866667,371.35,366.09,366.4371429,L8
2014-01-15 22:12:57+00:00,409.72,400.2842857,403.25,421.18,406.9742857,,,,,,,,,,,,,,,,,,,,,,,,,,,,,L8
2014-01-31 22:12:52+00:00,399.5033333,414.0457143,412.7333333,432.07,410.4657143,393.31,383.78,411.04,,404.68,391.6557143,383.7555556,378.14,378.27,384.2857143,401.42,,391.91,408.07,400.94,393.05,395.09,403.7,410.4,410.05,406.77,413.37,,409.14,390.1133333,,,,L8
2014-02-07 22:18:57+00:00,415.4533333,407.3885714,412.9533333,441.04,,,,417.42,385.73,402.48,402.2485714,402.8055556,402.39,402.84,,,,,428.88,410.33,401.86,422.24,431.91,446.61,440.85,418.68,406.04,416.63,409.89,405.1333333,,407.58,395.9785714,L8
2014-02-23 22:18:44+00:00,395.7333333,385.02,381.7433333,411.58,414.83,393.31,383.04,380.77,,364.13,385.26,389.5588889,385.39,385.32,392.94,402.76,401.0333333,384.3,390,382.69,372.25,379.48,394.46,414.42,409.62,391.7,379.12,378.96,363.46,368.0133333,363.63,374.97,376.07,L8
2014-02-24 22:08:31+00:00,393.89,392.14,383.09,392.45,401.04,379.63,369.46,364.57,,,,,,,,,370.58,366.34,371.57,375.29,354.68,362.38,377.91,371.74,367.73,365.61,,,,,,,,L7
2014-03-12 22:08:38+00:00,406.83,,,,,,,393.96,385.29,389.68,388.0957143,382.5833333,391.95,395.36,406.1457143,405.54,402.05,,,,,,,,,408.7,402.41,390.54,386.57,385.56,381.68,376.52,382.7557143,L7
2014-03-27 22:18:13+00:00,388.4566667,386.4514286,393.3766667,395.82,394.0914286,381.59,382.59,385.52,370.24,372.77,370.5314286,369.8044444,374.3,380.25,385.8414286,386.05,376.5466667,,331.69,363.26,371.46,367.52,379.55,370.21,380.63,388.04,388.78,375.03,361.24,367.8266667,356.37,,,L8
2014-03-28 22:08:46+00:00,,,,,,369.26,359.21,367.8,357.09,374.8,374.08,365.0055556,368.85,367.6,355.38,,,,,,,,377.1,381.55,383.55,387.95,387.04,351.92,357.52,357.8333333,,,,L7
2014-04-12 22:18:01+00:00,402.18,406.7,409.14,413.8,405.35,408.67,405.12,,392.54,392.82,386.32,383.6433333,381.93,387.28,392.03,398.9,401.31,398.23,,385.4,392.75,392.3,399.17,404.01,407.28,408.38,410.23,,393.97,390.63,391.37,385.38,387.12,L8
2014-05-30 22:17:35+00:00,397.1633333,402.99,405.9633333,420.62,411.77,403.67,396.08,,378.32,402.28,392.6,385.2388889,379.6,376.66,378.57,383.23,372.7033333,388.28,,392.33,381.96,387.47,400.07,404.12,399.99,402.13,409.41,388.75,396.91,389.1733333,379.58,375.92,381.22,L8
2014-09-03 22:17:42+00:00,,,,,,,361.2,368.23,367.32,396.34,,,,,,,,,,,,,,416.67,422.36,415.05,401.83,,,363.41,360.18,353.06,347.5185714,L8
2014-10-14 22:12:02+00:00,387.3333333,379.9185714,377.9733333,370.02,370.4385714,,339.14,341.61,336.87,,358.2885714,366.8622222,365.87,363.74,361.6885714,348.62,347.7133333,,342.73,359.73,349.43,358.65,374.3,,,,,,,359.8633333,360.16,338.05,348.5185714,L8
2014-10-30 22:11:58+00:00,385.3466667,377.0928571,374.3566667,364.08,371.5628571,,359.01,347.38,306.26,,359.3828571,373.6577778,367.94,357.23,358.6828571,350.47,352.3766667,,329.62,347.69,328.89,334.9,338.67,,,,,,,,,,,L8
2014-12-09 22:10:12+00:00,,,,387.47,402.46,399.49,391.42,405.34,368.74,403.87,405.45,403.2666667,383.34,,,,,,,,386.12,394.68,406.16,404.38,406.39,405.98,408.37,408.11,411.12,,,,,L7
2015-01-02 22:11:50+00:00,397.1966667,396.0485714,397.8266667,411.57,401.3985714,385.9,378.87,393.6,378.74,388.59,392.9685714,393.8144444,390.84,382.19,374.4785714,366.92,366.2166667,,,,,,,,,,,,,,,,,L8
2015-01-10 22:10:23+00:00,408.5266667,398.2085714,401.5266667,406.42,,,,,,,,419.4911111,415.71,409.69,400.8185714,385.29,374.1466667,378.29,379.68,368.37,,,,,,,,401.27,416.2,424.6566667,,392.46,370.9685714,L7
2015-01-18 22:11:48+00:00,399.7866667,398.6285714,402.9866667,418.45,398.5385714,389.62,385.18,400.76,377.49,404.49,404.2585714,407.1511111,402.66,392.68,383.7985714,380.12,376.5166667,368.83,383.49,385.66,377.14,386.9,399.31,397.03,398.11,398.09,,,,,,,,L8
2015-02-10 22:17:27+00:00,407.9666667,400.0285714,401.2966667,391.25,390.2185714,383.31,383.33,387.68,371.86,378.84,388.2685714,392.2844444,396.47,397.55,393.6885714,383.21,375.6966667,356.35,360.28,368.66,363.59,367.28,380.33,388.95,392.23,391.34,392.24,394.34,389.71,394.0966667,374.18,360.4,367.3185714,L8
2015-02-19 22:11:37+00:00,419.3566667,419.0585714,428.4866667,,419.0885714,417.23,404.2,424.59,397.85,,418.3485714,411.5844444,409.67,407.12,410.0785714,416.12,391.5366667,397.93,419.62,414.83,418.74,416.64,427.74,,430.92,434.38,,,,,,,,L8
2015-02-26 22:17:46+00:00,423.0833333,413.5914286,413.4433333,398.23,400.5814286,404.58,402.1,388.67,398.16,,432.8314286,427.0688889,409.96,404.9,403.9914286,398.51,400.4333333,396.59,389.58,387.66,394.93,395.29,396.69,389.68,394.52,399.61,404.12,383.02,392.09,405.8433333,389.42,385.12,372.8514286,L8
2015-02-27 22:10:40+00:00,417.1133333,412.6942857,410.5633333,,,,,,,,439.2342857,432.4888889,422.62,414.75,425.4342857,419.06,416.1033333,414.26,401.69,,,,,,,,,416.31,411.66,413.1933333,405.21,387.54,376.1942857,L7
2015-03-30 22:17:01+00:00,414.9366667,411.8585714,400.8466667,379.31,382.3485714,390.3,396.25,394.68,376.15,379.68,383.7485714,387.1044444,388.84,393.93,394.6985714,395.06,389.2266667,385.67,,372.99,,,383.68,384.79,392.18,398.2,398.32,392.48,393.68,396.3166667,388.26,380.08,378.7085714,L8
2015-03-31 22:10:52+00:00,,,,,,,381.71,391.12,370.75,371.37,379.6871429,380.9433333,386.46,386.09,380.7671429,,,,,,,,,,,397.67,401.37,397.59,394.35,395.54,389.33,372.22,,L7
2015-04-24 22:11:08+00:00,429.0566667,415.8414286,405.5066667,378.75,383.7714286,421.29,,413.62,380.65,387,365.9914286,362.2711111,369.42,389.58,,430.2,,420.21,404.46,391.97,392.07,389.55,394.41,394.64,396.63,394.88,389.09,393.91,395.28,393.5466667,396.36,397.84,,L8
2015-05-02 22:11:08+00:00,,,,,,388.18,368.35,396.25,357.94,369.44,368.5228571,366.8055556,369,355.89,,,,,,,,360.6,368.3,386.69,388.91,386.59,388.48,378.04,388.58,391.1933333,,,,L7
2015-05-10 22:10:52+00:00,413.3666667,402.7242857,393.6966667,365.5,372.3442857,362.69,365.49,358.01,339.24,339.28,353.8242857,353.8677778,362.3,366.6,371.3142857,362.26,366.7566667,373.59,361.18,358.87,336.48,343.48,357.89,345.43,366.08,361.31,361.77,362.07,355.28,365.8366667,342.61,334.31,357.9242857,L8
2015-06-03 22:11:21+00:00,,,,,,,,,,,,,,,359.5957143,364.47,,,359.22,374.75,359,369.33,388.83,,,,,,,,,,,L7
2015-07-29 22:11:25+00:00,404.0433333,398.6542857,391.2533333,390.93,380.4242857,377.2,374.26,375.77,355.17,370.21,368.7742857,354.9522222,346.72,358.67,363.8542857,365.11,358.6033333,345.47,361.9,366.69,352.15,369.53,384.93,382.4,383.74,384.55,383.62,359.02,372.98,374.4333333,361.51,353.05,359.2542857,L8
2015-09-23 22:11:46+00:00,,402.3014286,385.09,362.23,371.7214286,355.52,,,,,,,,,354.4714286,358.42,376,360.01,390.43,393.26,380.54,368.31,370.44,363.91,,,,,,,334.84,328.69,345.0314286,L7
2015-10-25 22:12:11+00:00,,,,,,,379.7,374.98,363.7,368.81,369.3042857,369.9522222,366.48,362.23,367.5342857,365.79,,,,,,,,,390.94,389.52,391.11,386.59,378.77,379.2933333,367.09,355.97,,L7
2015-11-02 22:11:55+00:00,422.2833333,423.79,412.0233333,377.22,372.8,377.02,373.75,377.08,357.37,379.35,364.59,362.5955556,362.18,360.7,384.26,391.52,396.6333333,392.58,404.31,411.08,411.03,420.71,426.58,420.81,402.03,387.52,384.42,396.59,390.26,394.5733333,378.7,366.42,370.2,L8
2015-11-26 22:12:41+00:00,402.8133333,398.7928571,407.3633333,424.61,398.9828571,,,,,,,382.3255556,379.88,377.69,380.6728571,384.64,368.4733333,378.16,393.16,397.69,385.49,,,,,,,,389.82,387.2933333,386.27,369.59,383.2828571,L7
2015-12-20 22:11:57+00:00,418.38,416.9871429,417.03,420.82,416.8171429,392.18,,,,413.2,368.0371429,397.13,394.86,394.9,,429.02,416.84,,426.04,398.4,402.15,401,427.27,426.16,401.67,402.98,408.73,371.05,382.53,368.02,374.02,388.06,399.9571429,L8
2015-12-27 22:18:07+00:00,437.87,424.9628571,428.67,431.88,408.7928571,395.47,395.24,388.61,373.86,397.57,388.1228571,389.2033333,380.22,380.34,389.1228571,397.29,382.54,399.39,418.67,413.38,407.29,419.76,427.55,431.72,417.33,416.56,419.88,410.6,414.35,400.01,392.54,390.85,386.3028571,L8
2016-01-12 22:18:04+00:00,441.7733333,420.3942857,428.4133333,427.46,407.0642857,395.87,396.87,388.67,372.32,394.01,390.5842857,387.3922222,386.97,385.9,387.2642857,395.68,389.1733333,400.84,415.86,417.4,414.27,410.87,421.58,419.54,419.3,423.76,418.99,395.53,401.38,395.9733333,392.41,377.85,391.3542857,L8
2016-01-21 22:11:54+00:00,438.85,429.7785714,433.45,422.78,403.6085714,397.21,402.11,400.74,398.28,398.4,394.5185714,392.83,385.77,388.22,394.6185714,401.23,399.86,410.28,414.33,416.99,419.32,427.52,425.03,420.67,416.44,420.47,420.83,393.01,395.67,386.86,388.98,381.88,390.2685714,L8
2016-02-06 22:11:49+00:00,409.8266667,388.6828571,395.3466667,395.72,377.6028571,,364.75,366.99,347.6,361.89,373.5328571,372.9844444,371.66,369.15,372.5728571,365.68,362.0666667,357.63,376,388.49,371.48,365.12,,385.64,388.63,388.07,386.63,,371.06,368.7266667,,,,L8
2016-02-22 22:11:42+00:00,438.6966667,423.6985714,423.4866667,379.19,345.9785714,,344.32,,,402.8,391.7785714,386.9611111,,,,,,,,,,,,,,,,,,,,,,L8
2016-03-09 22:11:40+00:00,432,420.5371429,424.49,432.62,405.0771429,390.28,391.57,407.28,369.57,398.68,390.5271429,382.64,377.63,380.22,382.8171429,386.14,378.82,381.03,411.87,424.52,396.41,403.47,417.84,,418.62,415.52,413.56,392.49,407.37,389.18,,,,L8
2016-03-17 22:13:55+00:00,,431.2328571,427.7266667,409.8,418.7128571,410.03,392.95,385.44,373.91,,,,,,,,,,,,,,,,,,,,,,,,,L7
2016-03-25 22:11:32+00:00,436.12,418.5142857,421.13,414.7,402.5242857,391.41,400.2,405.71,378.1,402.62,382.7342857,381.6366667,377.91,376.82,383.5742857,387.79,402.91,396.12,,,,,,,,,,,,,,,,L8
2016-04-10 22:11:25+00:00,,,,,,,,,,,,,,,,,395.1733333,378.98,,,,,,,,,,,,,,,,L8
2016-04-17 22:17:09+00:00,440.4466667,416.7157143,408.1366667,434.34,423.6457143,365.34,371.29,368.02,,366.07,389.5757143,412.8811111,410.39,403.95,413.9657143,423.03,426.3466667,,441.9,439.13,434.29,437.26,441.21,,449.33,448.47,447.9,420.74,419.12,420.2066667,411.24,398.47,388.4357143,L8
2016-05-19 22:17:11+00:00,,412.68,391.0666667,389.94,373.61,358.76,358.64,,,,357.89,363.6544444,360.16,358.16,354.7,343.79,368.3666667,343,,,,,404.93,400.39,,399.9,405.07,377.82,385.98,389.0066667,377.18,372.15,386.23,L8
2016-07-15 22:11:46+00:00,367.86,387.5885714,,,,,,,,,,,,,,,,,,,,,,,,,,,,,,,,L8
2016-08-16 22:11:53+00:00,374.8166667,372.1142857,379.2466667,379.09,363.9642857,346.81,330.45,337.09,,336.76,334.4242857,330.6477778,341.68,344.03,347.2442857,336.45,324.0566667,,,,,,,,,352.05,351.02,324.12,337.96,343.9166667,,,,L8
2016-11-20 22:12:09+00:00,379.3466667,382.0771429,374.8166667,351.72,354.7771429,351.21,346,334.82,,328.36,347.1971429,360.4511111,362.3,352.82,342.6471429,326.49,343.7766667,,,,,,,,,364.98,357.22,336.33,335.34,353.9366667,347.06,,345.9071429,L8
2016-12-22 22:12:03+00:00,413.2366667,415.21,400.1566667,369.16,376.23,364.31,361.71,,,,,,,,,,,,,,,,,,,,368.81,333.19,354.45,382.9066667,,,,L8
2016-12-29 22:17:49+00:00,414.76,,,,,,,,,,,,,,379.1285714,374.12,362.13,373.42,384.34,359.69,374.79,382.36,392.67,407.36,407.58,403.46,402.24,381.78,398.12,399.44,396.57,383.26,373.9185714,L8
2017-01-15 22:13:57+00:00,411.1733333,411.0214286,416.1333333,401.42,390.0514286,,,,,,,,,365.49,362.9314286,360.24,352.8833333,,,,,,,,,,,,,,396.82,383.14,372.4614286,L7
2017-01-30 22:18:02+00:00,407.2566667,411.1957143,417.4266667,416.27,393.1057143,389.98,377.74,385.47,354.29,397.76,393.5557143,389.9711111,384.06,378.72,378.7757143,376.26,361.1466667,361.85,382.93,352.6,367.62,390.54,394.36,402.34,408,403.87,404.68,371.02,390.27,389.8466667,383.28,379.22,382.9057143,L8
2017-02-08 22:11:46+00:00,423.1966667,416.3971429,416.1166667,398.01,375.0971429,377.14,365.9,384.34,377.79,395.55,398.7971429,391.6711111,,,,,,,,,,,,,,,,,,,,,,L8
2017-02-24 22:11:42+00:00,,,,,,384.54,371.75,388.89,378.12,399.82,395.1428571,392.89,386.47,377.33,382.6128571,397.05,412.43,,379.41,,,,,,,,,,,,,,,L8
2017-03-03 22:17:25+00:00,439.7366667,425.2671429,422.8066667,389.7,373.1971429,378.14,396.89,393.95,397.78,410.08,400.7271429,406.4311111,400.17,376.95,369.6871429,374.27,385.9866667,385.45,370.81,379.05,386.99,392.15,404.22,406.15,415.42,415.64,405.97,376.53,377.01,375.8366667,391.15,403.07,387.5371429,L8
2017-03-04 22:13:55+00:00,,,,,358.5585714,356.94,362.94,354.09,,360.39,378.4085714,384.2011111,377.15,,,,,,,,,352.9,352.73,361.42,385.13,386.68,380.26,342.57,332.35,,,,,L7
2017-03-28 22:11:24+00:00,427.5266667,,,,,,,,,,,,,,,,,,,,,,,,,,,,,,,,,L8
2017-04-13 22:11:17+00:00,,,,395.18,377.74,365.19,344.41,341.16,,379.8,381.71,380.2333333,380.01,373.2,,,,,,,,,,,,,,,,,,,,L8
2017-04-20 22:16:59+00:00,404.39,399.58,386.84,359.94,354.96,349.94,352.12,353.03,,351.3,359.56,361.66,367.69,370.59,358.79,334.18,346.77,323.64,341.08,,,347.63,360.06,352.12,374.4,385.7,384.18,345.7,343.3,360,354.58,349.56,360.11,L8
2017-05-06 22:17:19+00:00,414.9633333,417.97,415.6033333,372.48,366.78,373.47,374.3,379.49,,369.7,372.26,379.3788889,376.84,372.37,369.69,365.49,363.7933333,349.72,364.61,367.83,,382.65,391.71,384.84,386.8,388.91,387.04,378.9,370.36,370.6133333,366.27,356.05,365.98,L8
2017-05-07 22:14:16+00:00,422.18,424.8585714,420.16,388.64,,,,,,,,,381.14,377.51,373.3185714,373.49,373.78,369.57,380.16,377.5,,385.74,,,,,,,380.03,377.66,375.89,,363.2685714,L7
2017-06-08 22:14:24+00:00,420.6333333,428.5571429,,,,,,,,,,376.6288889,372.47,370.88,375.5971429,374.15,368.2433333,371.68,388.14,374.11,,,,,,,,393.38,389.46,380.2533333,376.67,,,L7
2017-07-02 22:11:35+00:00,,,404.5033333,384.9,379.37,358.62,360.88,,,334.1,335.42,345.4288889,344.09,342.15,338.68,,345.0333333,,,,,360.42,362.85,363.95,359.23,347.16,340.63,,,338.9833333,,334.11,362.04,L8
2017-07-18 22:11:40+00:00,450.39,419.7885714,420.73,431.47,436.3785714,425.04,,400.55,,409.17,401.4585714,368.7233333,360.27,367.64,393.5785714,400.65,396.73,,427.39,445.58,435.76,387.68,428.26,413.19,399.85,380.31,376.89,383.45,384.72,377.14,408.24,412.35,395.0385714,L8
2017-08-03 22:11:47+00:00,441.91,434.5042857,431.52,408.39,406.5942857,413.56,,403.68,392.34,393.5,385.0142857,379.7666667,372.55,374,378.2442857,379.76,384.63,393.34,404.68,407.97,406.04,403.97,410.26,407.45,404.32,392.58,386.87,385.37,393.7,396.35,388.57,388.93,391.2442857,L8
2017-09-04 22:11:55+00:00,417.19,422.7614286,431.44,423.14,417.3714286,,,,,,,,,,,,,,,,,,,402.58,388.9,386.9,388.5,389.26,389.37,389.23,379.16,370.49,373.4014286,L8
2017-12-17 22:14:09+00:00,405.26,407.03,409.39,415.86,400.72,,,,,,,,,,375.76,374.64,349.97,355.08,381.72,369.82,369.97,384.74,388.42,,,,,,,,375.81,379.32,387.95,L7
2018-01-26 22:11:45+00:00,,,391.7566667,,,,,,,,,,,,,,,,,,,,,,,,,,,,,,,L8
2018-02-02 22:17:27+00:00,375.7833333,398.9971429,409.9733333,420.58,395.8971429,388.63,361.53,,,375.44,379.4071429,377.7322222,375.63,378.26,374.8771429,374.02,336.3833333,329.48,371.26,353.5,352.13,368.46,383.59,390.64,391.85,392.9,381.53,377.15,385.54,375.1033333,374.43,366.98,375.4171429,L8
2018-02-11 22:11:38+00:00,430.0633333,435.9071429,431.4133333,411.06,400.9871429,,,,,,,,,,,,,,,,,,,,,,,,,,,,,L8
2018-02-18 22:17:46+00:00,,,,,,,,,,,,377.7333333,376.67,374.86,364.16,358.17,327.03,312.32,357.14,349.33,348.37,367.89,378.79,382.36,384.18,386.87,377.87,367.69,371.43,373.24,360.35,355.62,368.14,L8
2018-02-27 22:11:31+00:00,429.25,427.1528571,429.31,,,,,,,,,,,,,,,,,,,,,,,,,,,,,,,L8
2018-03-31 22:11:15+00:00,432.6166667,426.6214286,432.6666667,441.68,420.0114286,,,,,,,,,,,,,,,,,,,,,,,,,,,,,L8
2018-04-07 22:16:59+00:00,420.1633333,419.3357143,417.6433333,421.53,413.3557143,397.83,394.21,388.95,369.44,373.23,376.6857143,380.6988889,380.1,382.55,386.5357143,384.69,,,402.31,,356.7,368.1,386.66,397.22,393.73,393.35,391.46,385.22,380.4,380.6833333,373,,352.4657143,L8
2018-04-08 22:12:39+00:00,416.2566667,406.3328571,,,,,,,368.88,386.81,369.8628571,372.7044444,375.55,375.34,381.0628571,387.84,,,,,,,,,,,386.59,382.14,378.79,387.7366667,375.57,377.24,377.5328571,L7
2018-05-02 22:10:57+00:00,410.4733333,406.7042857,409.1333333,410.42,395.3042857,383.32,371.31,379.28,349.83,373.41,370.2942857,362.2555556,367.86,368.29,361.5542857,360.73,340.7733333,343.43,373.6,339,,,,,,,,,,,,,,L8
2018-06-11 22:11:34+00:00,,,,,,,,,,363.46,368.72,362.9433333,346.96,361.57,368.53,365.82,,,384.27,,,,,,,,,,,,,,,L7
2018-08-06 22:11:10+00:00,406.1666667,418.1471429,411.2666667,401.94,408.2071429,405.92,391.24,362.09,347.21,343.76,343.1871429,347.7344444,349.77,365.65,384.5671429,387.65,387.2666667,351.61,361.04,386.17,384.46,379.38,391.54,385.38,368.73,360.37,363.96,354.21,354.95,369.5566667,357.2,356.37,367.4071429,L8
2018-08-30 22:10:04+00:00,,,,,,,,,,,,,,,,,,,,,,,,,,,,,,382.7133333,384.01,363.31,,L7
2018-09-07 22:11:24+00:00,422.4933333,416.8557143,417.9133333,415.15,402.9357143,390.32,378.68,386.73,366.12,370.99,370.4957143,372.9455556,375.07,377.76,379.5757143,374.85,387.9933333,369.41,394.54,396.85,370.03,401.51,392.11,389.49,397.45,397.72,394.06,376.84,374.86,378.9633333,368.45,366.14,384.5457143,L8
2018-10-09 22:11:37+00:00,438.34,416.31,411.57,430.86,404.02,391.87,372.12,375.86,337.57,384.33,381.86,379.8466667,381.12,386.84,386.79,382.13,357.69,352.16,379.73,376.69,376.68,390.28,403.85,408.83,407.65,408.5,401.58,381.08,392.29,376.84,374.99,358.78,376.46,L8
2018-12-12 22:11:41+00:00,,,,423.38,,,386.15,,,,,,,,,,,,,,,,,,,,,,,,,,,L8
2018-12-28 22:11:41+00:00,,411.3971429,422.6633333,432.26,433.8971429,411.04,415.57,402.35,,412.02,414.5071429,369.7055556,360.12,373.46,413.4271429,413.41,,,419.19,413.76,,415.86,414.64,,,,,,,,,,,L8
2019-01-04 22:17:51+00:00,,396.0857143,399.0433333,404.63,395.5457143,,,,,,369.6257143,370.8788889,367.16,368.08,369.0757143,,332.4333333,329.91,,,,,,381.31,382.44,382.13,372.38,353.16,358.76,348.8933333,348.4,340.36,360.6557143,L8
2019-02-05 22:17:45+00:00,439.0366667,438.8771429,435.5066667,444.17,422.9471429,418.73,402.27,416.98,389.1,419.72,405.2871429,400.1911111,392.13,388.99,397.9071429,411.32,406.1266667,,446.82,433.83,425.71,433.01,433.2,433.84,425.96,,,,,399.4366667,403.59,397.18,401.5571429,L8
2019-02-14 22:11:33+00:00,424.5733333,419.5485714,412.7733333,391.26,393.0985714,381.71,,,,,,,,,,,,,,,,,,,,,,,,,,,,L8
2019-03-02 22:11:29+00:00,448.13,441.8271429,436.18,414.04,,,,,,,,,,,,,,,,,,,,,,,,,,,,,,L8
2019-03-18 22:11:24+00:00,445.8666667,443.0371429,432.6066667,,,,,,,,,,,,,,,,,,,,,,,,,,,,,,,L8
2019-04-11 22:03:48+00:00,,,,,,,405.05,390.91,,,,,,,,,,,,,,,,,,,,,,,,,,L7
2019-04-26 22:16:59+00:00,434.64,430.3185714,430.14,412.22,399.2285714,381.01,378.99,384.07,374.67,379.77,390.1785714,396.5266667,400.77,403.31,390.5185714,371.08,378.76,380.9,389.05,402.91,405.57,408.27,401.35,400.35,394.28,383.43,374.36,357.8,360.17,376.88,371,382.79,389.5685714,L8
2019-05-28 22:17:41+00:00,438.5933333,431.2528571,421.2233333,418.46,410.4128571,395.6,389.99,386.04,378.34,378.03,389.6828571,398.0888889,392.39,395.63,391.8428571,386.83,393.8033333,388.84,399.39,409,400.63,408.34,405.24,402.25,392.67,382.1,374.08,,,,,,,L8
2019-05-29 22:02:00+00:00,437.4966667,428.92,,,,,,,,,,,,,,,,,,,,,,,,,,,,,,,,L7
2019-06-30 22:00:50+00:00,,,,,,,,,,394.6,381.4457143,377.1011111,369.55,376.27,384.8857143,389.19,405.7066667,415.88,423.77,,,,,,,,,,,,,,,L7
2019-07-08 22:11:44+00:00,,,,,,,,,,,,,,,,,,,,,,,,,,,,,362.09,365.6966667,366.95,364.81,356.1157143,L8
2019-11-04 22:18:22+00:00,428.91,426.5957143,424.53,415.96,412.1457143,394.17,397.82,397.48,380.43,390.27,382.9657143,376.9566667,381.53,369.25,357.3057143,376.53,385.79,374.4,384.28,394.23,387.33,381.78,397.53,408.23,420.86,415.02,407.7,,,,,,,L8
2019-11-21 21:54:43+00:00,,,,,,418.82,416.95,392.13,387.84,,,,,,,,,,,,,,,,,,,,,,,,,L7
2019-12-31 22:12:02+00:00,,,423.19,413.16,408.9214286,,,,,,,,,,,,,,,,,,,,,,,,,,,,,L8
2020-01-16 22:11:59+00:00,,,403.5266667,380.7,412.7871429,413.75,,,,,,,,,,,,,,,,,,,,,,,,,,,,L8
2020-02-24 22:17:35+00:00,440.7433333,441.5057143,430.6033333,,416.7557143,415.63,401.83,422.01,394.92,414.07,401.8757143,395.4522222,391.48,389.32,382.6957143,392.78,382.5933333,390.96,398.92,390.74,394.91,413.01,425.54,422.84,418.45,415.78,407.7,389.83,391,371.9833333,375.78,382.45,390.0357143,L8
2020-04-05 22:11:28+00:00,461.97,444.5985714,,,,,437.51,435.02,,,395.1585714,426.1,,,,,,,,,,,,,,,,,,,,,,L8
2020-04-21 22:11:21+00:00,454.9966667,453.61,440.3566667,436.82,418.74,407.37,395.87,412.27,390.71,398.06,390.62,395.3977778,393.18,392.45,392.38,395.4,382.0866667,394.4,400.13,394.11,388.56,421.43,417.31,413.11,411.37,405.74,397.95,390.33,,,,,,L8
2020-04-28 22:17:04+00:00,,,,,,,,,375.49,383.04,388.1442857,387.9033333,395.37,398.85,398.9842857,402.21,402.46,403.08,402.62,388.52,376.9,400.21,405.15,402.39,403.65,400.8,392.18,380.52,388.1,380.68,380.55,354.42,,L8
2020-07-26 22:11:44+00:00,,,,,,,,,,,,,,,,,,,,,,,,,,399.36,414.63,395.02,389.38,395.43,394.16,390.38,379.0357143,L8
2020-09-03 22:18:10+00:00,,,,413.59,402.98,395.79,,394.94,,384.1,383.79,378.4944444,382,381.91,380.74,372.95,355.5366667,374.66,389.86,388.23,382.36,396.26,408.32,413.62,410.3,409.38,404.44,396.53,396.96,379.7566667,391.86,366.3,371.23,L8
2020-09-19 22:18:15+00:00,,394.8057143,406.13,418.92,393.7457143,389.45,358.2,356.35,,365.48,371.9857143,368.4133333,374.52,366.96,371.7057143,364.35,336.32,,,,350.29,381.94,387.86,386.43,390.41,391.83,387.56,,363.39,350.88,352.42,340.75,351.5657143,L8
2020-11-15 22:12:06+00:00,,,,,,,,,,,,,,,,400.71,365.4433333,,,,,,,,,,,,,,,,,L8
2020-12-01 22:12:09+00:00,444.7066667,420.1485714,414.0566667,419.4,402.2785714,402.2,385.85,402.96,366.74,393.87,388.8585714,382.3044444,376.33,371,378.1085714,377.72,368.5366667,387.35,390.18,373.97,381.08,400.33,407.25,405.46,402.5,405.93,399.09,375.71,387.46,376.6266667,390.87,374.36,376.2585714,L8
2021-02-03 22:11:56+00:00,427.3866667,425.4528571,422.0066667,424.63,416.2728571,406.38,410.49,399.78,389.13,401.37,397.1528571,,,,,,,,,,,,,,,,,,,,,,,L8
2021-02-19 22:11:51+00:00,455.3433333,440.7814286,434.7733333,439.53,439.2314286,413.76,411.17,404.83,398.3,403.24,400.5414286,392.5855556,,,,,,,,,,,,,,,,,,,,,,L8
2021-02-26 22:17:35+00:00,471.9533333,449.0457143,443.1733333,448.97,424.8257143,421.42,404.67,429.93,403.61,419.32,403.8957143,399.9522222,395.26,398.61,401.6657143,410.69,396.9733333,407.16,413.74,407.78,,,,,,,,,418.68,403.3733333,414.01,404.09,396.2157143,L8
2021-03-23 22:11:37+00:00,439.6466667,436.6685714,431.2066667,,,,,,,,,,,,,,,,,,,,,,,,,,,,,,,L8
2021-03-30 22:17:22+00:00,474.3766667,460.2814286,454.8366667,465.56,437.3214286,431.15,415.98,423.43,405.51,425.17,404.9514286,397.2111111,397.53,399.22,408.7614286,416.85,403.6566667,416.04,413.73,411.78,422.89,439.49,443.09,442.32,,,,414.78,425.77,413.8266667,417,409.2,409.5214286,L8
2021-05-17 22:17:12+00:00,,,,,,393.22,388.47,381.47,369.98,367.42,377.5471429,379.3711111,364.87,358.37,359.3271429,355.59,363.5466667,380.36,358.31,372.28,,378.84,387.18,384.42,393.36,,,,,,,,,L8
2021-05-26 22:11:31+00:00,435.26,424.01,429.16,435.54,411.63,408.62,387.97,376.33,367.27,378.71,382.14,382.1466667,373.22,362.77,370.54,382.76,368.51,388.7,377.66,362.89,384.7,394.24,401.44,415.87,409.76,410.02,404.92,374.57,387.25,376.47,374.4,,,L8
2021-07-04 22:17:53+00:00,429.2733333,430.1,427.7533333,415.31,410.46,398.52,402.09,397.33,366.29,381.51,376.66,379.3555556,376.07,371.86,369.02,359.45,373.5233333,371.94,392.26,389.45,379.16,376.69,388.19,392.09,,,,,,,,,,L8
2021-07-13 22:11:43+00:00,451.2966667,444.3,446.8566667,428.2,414.37,412.7,409.49,417.02,400.2,404.49,389.06,385.7444444,385.56,382.99,382.63,387.95,388.0466667,389.28,394.87,395.76,397.54,404.44,413.6,405.68,403.62,406.29,400.69,378.61,383.86,379.4566667,388.77,397.61,393.13,L8
2021-10-01 22:12:10+00:00,,,,,399.55,390.59,382.71,379.47,366.83,368.96,365.95,362.3411111,360.73,371.83,368.82,363.23,367.9666667,,370.67,365.78,,368.42,366.33,,368.77,361.04,367.37,361.88,361.12,368.3266667,356.86,,357.83,L8
2021-10-24 22:18:01+00:00,448.0566667,443.2042857,441.7066667,444.55,423.7742857,406.3,392.63,389.99,383.57,395.52,395.6642857,391.5077778,382.21,378.09,386.0342857,393.92,393.6766667,395.89,404.08,402.1,394.02,405.01,406.11,403.29,395.59,396.67,401.96,409.9,408.63,402.4066667,399.92,394.76,391.0942857,L8
2021-11-09 22:17:58+00:00,419.4433333,430.3814286,429.1533333,418.42,410.0014286,392.65,389.64,378.61,371.03,370.94,378.0414286,379.9688889,377.22,373.91,375.3514286,392.58,384.7333333,,382.18,389.58,389.21,384.23,385.89,372.3,371.54,377.73,382.22,389.73,383.42,374.6633333,378.78,369.11,375.9114286,L8
2021-11-18 22:12:08+00:00,436.4233333,435.2114286,434.4633333,434.07,415.9114286,408.38,388.75,382.49,378.87,392,382.4014286,383.5822222,381.17,380.63,383.2614286,393.1,387.4433333,389.77,395.44,378.13,385.74,401.99,399.4,401.23,,,,,,,,,,L8
2021-12-20 22:12:08+00:00,446.0366667,441.9242857,444.4366667,445.4,428.6642857,418.07,406.12,413.65,400.35,403.91,390.3042857,389.9111111,382.74,381.47,389.5042857,403.68,403.2266667,413.71,409.86,386.5,392.18,404.01,407.92,409.43,400.52,404.94,408.96,417.41,407.63,395.9466667,397.76,,,L8
2022-01-04 22:17:52+00:00,452.7933333,447.72,449.1733333,453.37,430.68,426.87,416.11,420.26,414.06,421.03,400.44,396.0955556,394.48,400.78,410.46,425.63,424.2933333,421.34,429.53,412.29,410.86,424.26,425.13,424.69,417.21,421.18,422.21,417.58,418.67,403.9733333,408.09,415.19,408.99,L9
2022-01-12 22:17:49+00:00,441.1366667,431.4185714,436.5266667,428.25,428.8385714,411.87,401.72,398.16,387.06,387.91,380.5885714,378.9477778,386.18,397.58,421.6985714,433.41,429.4166667,413.46,409.24,401.67,399.99,394.48,390.04,374.16,378.61,386.25,395.82,378.5,372.41,378.7566667,388.1,400.03,404.9085714,L8
2022-01-13 22:12:02+00:00,435.0433333,432.4585714,436.1633333,428.32,422.5585714,409.61,403.31,401.19,,,,,386.92,399.5,,,,,,398.28,399.64,396.65,393.78,384.42,385.13,386.04,398.93,,,422.8633333,406.23,,,L9
2022-01-20 22:17:51+00:00,426.6633333,430.7442857,421.2333333,432.23,414.2842857,404.16,386.36,371.01,368.95,388.72,377.3742857,379.0355556,380.41,380.82,381.6942857,394.09,400.3633333,383.13,396.8,372.2,372.46,391.78,388.51,396.52,394.88,396.57,393.76,378.93,388.28,383.7533333,378.03,382.6,392.4942857,L9
2022-01-21 22:11:59+00:00,437.5366667,430.6242857,422.9766667,424.71,412.5142857,398.93,385,390.56,389.03,388.57,382.3142857,380.7977778,377.1,383.26,390.6742857,395.89,,,,,,,,,,,,,,,,,,L8
2022-02-21 22:17:43+00:00,421.7733333,420.1085714,412.6833333,410.61,405.0385714,401.88,395.5,394.27,372.7,370.05,368.5285714,378.3322222,384.59,387.53,402.9485714,416.91,415.8333333,400.17,391.39,389.12,382.79,387.47,384.14,375.24,381.98,386.42,386.92,357.26,364.92,377.9433333,381.37,386.35,392.8385714,L9
2022-02-22 22:11:50+00:00,423.1666667,422.8357143,421.5766667,420.02,413.7057143,402.82,402.55,389.47,372.67,367.25,369.8057143,378.8244444,393.76,422.35,443.9957143,,,,,,,,,,,,,,,,,,,L8
2022-03-01 22:17:36+00:00,452.3533333,443.2542857,437.8533333,441.9,423.6542857,428.02,414.77,422.93,402.88,407.17,388.5442857,388.8722222,390.5,396.18,410.4242857,422.68,432.0033333,,,,,,,,,,,,,,,,,L8
2022-03-02 22:11:50+00:00,452.57,441.29,442.47,450.41,428.9,423.93,417.81,426.62,400.25,416.07,395.44,396.7666667,394.93,,,,,,,,,,,,,,,,,,,,,L9
2022-03-10 22:11:47+00:00,440.3433333,432.0585714,418.2933333,416.95,413.4585714,421.35,417.1,401.29,381.42,373.4,380.6485714,393.0822222,422.31,427.82,442.1285714,441.5,423.0733333,403.86,413.52,404.24,404.33,404.36,402.45,395.85,390.17,389.37,390.69,378.75,379.29,392.2633333,395.72,,,L8
2022-03-17 22:17:54+00:00,449.41,443.0328571,438.95,446.41,419.5528571,419.23,406.31,421.59,392.1,405.66,387.8628571,385.6033333,387.99,385.93,401.6028571,417.83,433.04,420.69,418.05,406.92,396.26,416.81,412.21,418.88,410.15,407.79,404.13,398.97,407.4,406.79,395.72,400.17,405.7828571,L8
2022-03-26 22:11:35+00:00,427.6133333,426.4928571,414.4133333,412.54,407.2628571,403.02,399.76,385.63,368.44,354.72,362.8028571,385.8688889,407,,,,,,,,,,,,,,,,,,,,,L8
2022-04-03 22:11:45+00:00,439.4166667,437.5885714,433.2966667,436.11,416.6585714,411.06,411.37,417.52,391.43,390.9,382.6285714,385.3744444,378.31,381.81,392.8985714,423.57,424.2966667,419.65,421.32,412.16,402.57,417.61,411.75,407.68,399.97,400.13,395.57,391.68,401.4,395.9566667,393.62,397.76,410.7185714,L9
2022-04-18 22:17:25+00:00,425.6866667,432.5,427.8466667,428.06,410.35,404.1,401.61,398.63,384.89,400.28,385.35,387.1611111,378.08,379.87,384.17,412.72,413.8366667,414.78,414.84,397.26,392.75,426.25,411.72,418.19,411.5,414.3,407.15,382.92,400.18,394.8566667,387.5,390.51,396.9,L8
2022-04-27 22:11:34+00:00,425.1466667,430.53,415.3566667,406.71,399.85,397.07,395.76,391.79,372.17,376.6,376.51,373.6977778,371.86,377.35,379.28,396.4,394.9766667,394.56,386.96,382.18,376.18,402.09,387.5,381.77,387.74,383.68,379.12,361.77,365.69,377.9366667,369.91,375.83,388.63,L8
2022-05-05 22:11:31+00:00,456.82,448.0171429,446.69,431.32,420.5871429,423.17,427.8,419.25,416.63,,402.0171429,396.3533333,398.72,407.49,415.8471429,424.53,421.37,426.86,424.32,420.34,412.47,418.08,403.91,404.21,401.47,403.33,396.7,396.19,395.78,393.66,403.28,406.27,410.7371429,L9
2022-05-12 22:17:13+00:00,433.89,434.8571429,422.65,412.24,407.1471429,408.41,410.25,407.85,398.15,390.11,385.6671429,389.07,391.39,390.76,382.2871429,393.05,398.48,398.08,393.74,397.66,383.53,398.25,385.4,387.92,387.69,393.47,393.58,389.32,382.69,379.61,380.83,372.74,391.5171429,L9
2022-06-13 22:17:12+00:00,,,,,,372.31,,,,,359.28,356.3377778,355.88,357.29,351.79,,,,,,,,,,,,,,,,,,,L9
2022-06-22 22:11:38+00:00,467.2633333,439.4728571,441.5133333,444.16,,454.82,448.18,446.78,,441.95,,,,,,,,,,,,,,429.41,430.93,424.44,417.07,425.58,,,,,420.1828571,L9
2022-07-15 22:17:48+00:00,433.9933333,429.3857143,428.7533333,428.22,413.2257143,415.16,410.9,,401.27,403.19,385.4357143,379.4822222,380.29,380.04,385.1457143,384.16,379.1433333,377.51,,,355.03,414.36,417.7,412.66,405.31,401.1,397.27,,394.54,388.5133333,387.39,356.99,374.3657143,L9
2022-07-31 22:18:03+00:00,424.9733333,421.6757143,418.5833333,418.03,402.7657143,393.4,400.11,399.47,,,,,,,,,,,,,,,,,,,,,,,,,,L9
2022-08-08 22:18:29+00:00,430.8,414.8657143,417.35,420.17,410.3257143,395.19,392.35,376.72,380.47,365.73,370.4657143,381.5433333,390.49,387.22,380.4557143,375.66,389.4,,,,,,,,,,,,,,,,,L8
2022-08-09 22:11:58+00:00,433.2933333,426.0314286,422.0833333,417.08,409.8214286,406.24,406.14,383.75,394.89,387.35,384.5614286,390.5555556,391.81,390.84,380.9614286,376.09,382.7033333,369.16,387.85,,,390.53,406.26,402.18,396.89,390.97,382.18,395.55,396.97,391.7533333,391.49,385.34,380.0914286,L9
2022-09-02 20:36:30+00:00,407.1366667,418.7528571,421.1366667,414.2,385.2928571,401.01,,,,,,,,387.02,388.1628571,394.03,383.0266667,355.68,377.3,374.16,362.49,393.75,391.54,384.11,,,,,,,,,374.1428571,L7
2022-09-02 22:12:20+00:00,420.95,416.8,406.12,397.48,396.77,406.55,397.34,382.12,392.36,393.8,398.46,399.6566667,396.18,385.22,388.13,387.27,392.15,380.45,382.25,381.01,379.79,388.04,390.87,382.45,376.45,382.02,376.38,376.86,374.97,384.76,378.84,373.76,374.58,L8
2022-09-09 22:18:11+00:00,423.9166667,420.6142857,422.3266667,428.52,408.8842857,400.22,410.96,,,399.77,386.7542857,391.5311111,388.02,383.54,385.6442857,393.91,401.4566667,390.87,409.5,392.03,392.47,402.58,407.58,407.82,401.71,400.33,398.29,389.78,398.23,390.2566667,388.62,383.66,388.7342857,L8
2022-09-17 22:18:18+00:00,432.28,430.2914286,431.46,427.59,425.8614286,391.23,395.65,391.15,396.67,409.04,417.2114286,412.48,406.55,399.38,396.6314286,395.58,396.53,385.96,396.21,402.54,392.85,390.62,385.84,386.22,381.2,382.77,387.9,395.46,384.31,376.88,376.81,378.74,386.9214286,L9
2022-10-19 22:18:03+00:00,429.9333333,434.3328571,427.8633333,407.94,399.6228571,381.07,382.81,377.28,373.82,374.4,387.4128571,396.9988889,394.65,383.23,371.2128571,358.64,366.9133333,363.23,377.09,383.88,378.62,376.25,384.55,375.76,374.2,376.48,380.7,378.32,370.36,370.5033333,363.66,360.77,370.4428571,L9
2022-11-13 22:12:17+00:00,438.7433333,434.22,427.0433333,415.41,402.86,390.57,396.1,382.13,392.43,387.48,382.07,383.5455556,379,377.67,377.05,371.24,377.0933333,382.2,386.11,384.02,385.64,388.7,393.59,380.94,385.62,388.23,388.06,378.17,372.97,372.2733333,371.42,369.93,376.74,L9
2022-12-14 22:18:29+00:00,436.8066667,435.3471429,434.0566667,425.99,428.8071429,415.82,402.69,393.54,376.64,378.09,376.4071429,378.2944444,383.98,385.41,382.2871429,382.51,387.6766667,394.16,400.59,406.49,394.15,387.05,391.49,388.37,394.46,394.19,388.73,374.99,379.5,386.2466667,392.44,389.26,375.5471429,L8
2022-12-22 22:18:23+00:00,441.62,432.21,426.15,436.16,418.79,414.86,403.66,412.48,387.06,396.55,384.89,381.7233333,387.82,387.29,385.19,390.3,379.05,397.02,410.46,394.21,391.52,400.38,410.65,416.85,414.83,412.06,405.62,397.22,393.2,389.14,393.81,386.98,383.82,L9
2022-12-30 22:18:00+00:00,438.68,450.7328571,438.3,432.52,,,443.2,415.46,,405.38,400.7728571,391.5366667,412.31,416.48,409.7128571,,,,,,,,422.49,425.11,411.28,385.93,396.29,394.31,404.74,425.3,417.08,404.46,389.2528571,L8
2023-01-04 20:25:31+00:00,443.96,423.6985714,,,,397.22,380.67,395.45,387.15,392.06,372.6985714,381.0733333,385.75,385.6,377.9985714,380.56,372.37,,,,,,,410.32,410.62,404.61,397.48,384.05,387.63,383.57,381.37,374.42,380.5785714,L7
2023-01-07 22:18:02+00:00,434.8433333,422.04,421.0933333,425.62,415.5,399.63,383.67,399.79,373.72,387.9,380.25,384.2288889,387.75,387.33,385.57,380.44,359.3633333,366.78,398.59,380.29,376.59,383.77,398.47,410.79,406.94,405.75,400.04,388.05,389.12,374.9433333,379.79,382.8,382.77,L9
2023-01-21 20:22:24+00:00,,,,,,,,,,,,,,,394.0542857,388.49,367.6533333,380.03,411.33,368.07,375.76,381.3,407.92,409.45,384.08,,,,,,,383.22,378.6342857,L7
2023-01-24 22:12:10+00:00,448.4433333,439.76,437.6533333,430.25,424.44,425.79,414.62,411.71,397.94,402.04,391.74,390.7222222,387.76,389.14,396.12,401.93,390.5233333,413.55,422.26,405.59,406.67,408.29,414.55,412.42,413.26,413.82,410.4,398.04,397.63,394.0833333,408.98,399.34,394.43,L8
2023-01-31 22:18:22+00:00,440.6733333,444.7914286,432.3133333,415.45,427.7314286,428.8,408.28,396.49,387.95,390.09,394.7114286,396.0822222,385.28,384.41,391.1114286,395.12,386.1533333,395.04,395.34,408.09,402.24,405.22,410.42,399.04,394.85,396.19,396.03,386.3,394.84,402.5633333,397,380.01,380.3014286,L8
2023-02-08 22:18:30+00:00,410.4033333,413.9671429,411.1733333,414.67,401.3971429,381.14,358.54,,,364.99,366.2771429,367.6588889,368.55,368.54,366.8171429,359.42,342.2733333,,361.21,,343.55,356.59,370.98,375.22,388.24,385.8,376.26,,,,,,,L9
2023-02-09 22:12:09+00:00,,,,,,410.49,397.22,400.85,380.54,379.52,377.0785714,380.6155556,381.76,384.42,382.0285714,375.24,367.2033333,389.65,,379,376.59,392.18,400.68,397.94,401.51,400.93,390.14,343.23,345.57,363.5533333,383.03,371.22,380.6585714,L8
2023-02-25 22:11:52+00:00,,,,,,437.55,,,,,,,,,,,,,,,,,,,,,,,,,,,,L8
2023-03-01 20:19:31+00:00,403.7,407.01,403.05,390.06,381.37,,,,,353.62,356.12,356.8566667,359.05,366.64,351.52,,,363.29,355.1,342.74,330.88,,,,,,,331.88,355.61,376.63,356.91,346.68,,L7
2023-03-04 22:18:01+00:00,380.04,375.8157143,385.24,399.23,390.3557143,359.98,315.7,,,326.17,354.4857143,364.7966667,366.21,363.35,351.1557143,349.3,330.07,,332.86,340.8,347.87,358.04,363.44,372.06,378.76,378.56,362.4,337.97,353.07,351.13,348.98,339.15,356.1557143,L8
2023-03-05 22:12:01+00:00,374.1566667,396.7457143,402.1466667,402.36,385.6757143,369.6,339.91,,,346.79,356.0657143,361.2644444,362.18,359.76,355.3257143,345.52,301.4566667,,321.73,329.63,341.28,357.95,375.79,384.23,386.92,383.26,359.72,325.77,355.77,352.7366667,348.32,335.21,357.4257143,L9
2023-03-21 22:11:55+00:00,,387.8571429,406.8933333,427.79,404.0071429,380.53,344.61,,,375.81,370.1171429,356.4988889,356.09,369.97,368.2071429,360.91,,,333.13,349.89,354.14,373.96,402.77,402.25,400.41,400.19,385.68,342.44,370.08,359.1733333,366.88,343.88,364.5971429,L9
2023-03-28 22:17:57+00:00,,424.0085714,421.5266667,406.07,405.4285714,389.19,379.07,377.72,379.51,379.75,390.8985714,396.0777778,385.8,376.63,371.6685714,373.21,,379.41,,388.97,391.91,390.57,389.08,388.48,377.53,370.88,,,,,,,,L9
2023-04-13 22:17:51+00:00,,463.0714286,444.7533333,,,,,,,,,,,392.4,403.6314286,411.43,,416.16,,427.99,419.92,427.81,,409.84,395.5,393.72,410.5,,398.51,,,,,L9
2023-05-24 22:11:17+00:00,403.6333333,392.24,374.4333333,377.81,382.29,362.51,,,,,,,,363.13,,,,353.59,356.17,,,363.32,372.07,,379.78,381.33,372.87,346.21,362.82,358.9533333,353.97,337.21,,L9
2023-06-09 22:11:12+00:00,422.4466667,403.4185714,407.7066667,431.98,,386.85,402.18,396.98,382.82,393.86,351.1585714,358.5211111,353.56,,404.4785714,412.36,,391.32,395,398.72,394.22,396.31,413.76,422.89,413.41,388.7,382.95,393.55,374.53,353.5766667,352.64,360.1,357.9585714,L9
2023-06-16 22:17:18+00:00,409.2833333,409.1485714,410.3233333,411.82,399.3185714,390.92,372.67,356.44,356.41,372.74,359.0185714,360.0655556,369.03,377.2,375.9585714,377.38,370.2333333,366.76,371.4,367.28,351.06,379.03,390.65,399.04,399.74,398.81,389.69,390.15,383.25,356.7933333,358.62,349.17,358.9385714,L9
2023-06-17 22:11:17+00:00,413.1133333,411.5671429,423.0533333,416.88,405.4271429,394.73,375.95,357.95,365.96,380,364.7871429,363.4088889,366.09,374.7,383.6171429,372.48,363.5333333,369.38,375.18,362.7,361.89,384.19,405.01,402.5,401.74,401.75,394.4,368.36,372.19,366.1233333,363.32,,,L8
2023-07-02 22:17:29+00:00,,,,,,370.2,327.68,309.34,,326.66,336.1085714,349.9477778,362.27,372.28,367.9485714,360.75,331.2866667,317.76,,,338.05,357.39,360.74,,,,,,333.62,333.1066667,,,,L9
2023-07-18 22:17:12+00:00,383.89,396.9128571,411.11,413,395.0628571,375.92,353.21,339.5,334.56,366.09,362.0628571,354.5566667,361.36,369.12,371.2028571,365.76,337,339.77,357.18,352.35,352.27,383.96,394.23,401.9,396.99,399.28,392.91,345.49,350.15,,,,,L9
2023-07-26 22:17:47+00:00,369.1366667,382.4485714,388.1766667,388.91,430.5985714,386.9,390.34,375.58,,,,,,,,,,324.31,332.24,335.01,,,397.21,439.42,,,,,,,,,,L8
2023-07-27 22:11:26+00:00,366.79,374.3271429,379.26,361.65,368.1671429,,343.86,,312.86,,322.7971429,331.51,342.2,352.9,342.3671429,,337.24,303.94,319.3,350.08,,,,,,,,,,,,,,L9
2023-08-04 22:11:40+00:00,421.6333333,412.2628571,421.0833333,411.17,391.4928571,389.44,375.28,356.91,,380.22,356.2028571,347.9655556,360.4,369.73,367.5228571,375.69,377.6433333,,366.91,,323.43,372.69,404.06,406.43,410.19,401.24,392.18,353.02,,,,,,L8
2023-08-28 22:11:44+00:00,403.6,402.6128571,403.06,383.51,373.7828571,370.09,363.6,352.73,,349.08,350.3228571,351.09,353.57,359.23,359.7128571,348.4,342.99,332.47,344.7,360.92,342.44,368.31,379.68,376.43,382.06,383.45,365.35,368.97,370.4,356.03,335.19,321.61,,L9
2023-09-05 22:11:46+00:00,,429.9585714,431.5066667,381.44,368.7485714,390.17,397.58,,,,356.3685714,375.0377778,361.28,,,,,369.21,,,,,,419.48,398.51,379.18,375.6,402.57,409.75,392.6366667,,332.06,352.2185714,L8
2023-09-13 22:11:53+00:00,383.95,387.9128571,399.9,398.53,376.1828571,372.16,349.96,339.01,322.67,342.8,349.2728571,350.76,353.51,355.32,353.1228571,349.1,330.95,332.23,335.24,339.11,347.14,364.88,378.54,383.79,383.94,377.23,368.03,339.03,349.33,349.29,331.23,310.79,325.0928571,L9
2023-09-20 22:17:40+00:00,412.9833333,408.7842857,406.5933333,386.58,371.7042857,375.74,379.74,352.67,,362.69,349.0542857,350.6488889,353.74,367.1,372.8142857,373.39,378.4633333,342.81,366.59,,,391.92,398.61,384.75,393.1,386.77,381.43,358.15,367.61,371.1533333,357.08,332.54,339.8242857,L9
2023-10-14 22:17:45+00:00,418.0866667,416.1314286,418.6366667,402.2,377.8014286,387.44,366.02,358.86,,374.02,365.6714286,356.7177778,361.71,364.01,370.6614286,368.51,354.1066667,340.02,355.71,356.8,368.8,389.47,397.5,409.05,398.36,395.84,389.78,374.64,383.38,366.9266667,360.8,341.06,347.2214286,L8
2023-11-08 22:11:57+00:00,,,,,,,,,,,,,,,364.5928571,371.79,376.8566667,375.23,368.22,374.11,374.78,383.49,405.15,407.8,398.76,381.58,368.6,347,355.22,361.8266667,366.75,355.81,352.3428571,L8
2023-11-15 22:18:11+00:00,,385.4057143,396.3466667,396.52,378.0257143,360.09,,,,337.64,351.9657143,347.5311111,352.17,353.36,350.9457143,338.99,,,,,,350.22,369.9,371.19,375.64,375.97,360.2,310.64,346.93,337.8466667,337.79,,342.0857143,L8
2023-12-01 22:18:10+00:00,439.3633333,435.0085714,419.5333333,407.56,399.2985714,397.59,388.26,380.5,374.54,377.24,372.6785714,373.0888889,372.19,370.61,371.0985714,380.16,385.2433333,385.26,387.35,385.95,390.14,396.37,412.9,,411.79,398.84,381.61,355.47,362.72,371.8733333,382.15,372.89,372.6085714,L8
2023-12-17 22:18:12+00:00,410.3766667,412.3614286,416.3866667,396.65,384.4914286,382.61,380.21,358.54,348.05,353.33,359.1714286,363.9244444,363.16,365.79,369.8814286,374.54,380.0166667,381.48,394.49,394.74,394.87,394.56,402.7,401.74,398.63,392.37,384.24,336.77,342.76,359.8366667,373.3,384.52,370.2814286,L8
2024-02-04 22:12:07+00:00,401.6333333,400.6071429,396.7033333,374.92,369.8571429,358.96,355.8,331.18,327.13,326.66,344.6971429,347.8122222,352,359.95,355.7471429,350.12,355.1533333,347.95,341.95,373.12,336.98,357.86,368.81,,368.39,364.23,351.65,330.68,333.58,348.3033333,344.96,347.35,362.1171429,L9
2024-02-11 22:17:53+00:00,,397.0485714,409.5566667,412.79,383.6785714,378.4,342.14,329.07,,368.31,368.5185714,367.4977778,363.07,,370.6685714,365.66,,,330.35,336.57,358.37,382.83,397.75,401.47,398.99,398.38,379.77,351.39,377.93,358.7166667,354.5,341.97,351.2685714,L9
2024-02-12 22:11:54+00:00,,,,417.73,396.9342857,388.91,366.32,342.94,349.8,373.4,374.8242857,367.7411111,363.48,373.85,376.2142857,370.21,343.8866667,348.09,354.97,344.56,366.39,383.62,405.2,405.4,403.08,402.64,390.49,360.42,377.08,366.4966667,358.64,340.66,362.3642857,L8
2024-02-19 22:18:03+00:00,438.2766667,433.9585714,426.3066667,404.18,397.0485714,391.54,392.64,,387.26,389.81,390.6885714,374.3644444,367.48,377.19,381.1485714,382.68,386.0366667,,,,,413.16,409.77,401.17,397.89,395.07,393.06,386.58,380.78,373.4666667,372.32,377.03,386.2385714,L8
2024-02-20 22:11:56+00:00,397.2333333,388.6028571,388.3033333,391.42,382.8428571,369.24,359.99,344.57,341.43,350.71,356.9728571,359.5855556,359.97,364.77,369.3728571,362.86,348.8333333,344.83,338.86,344.68,347.2,372.06,374.37,377.43,379.73,373.58,366.17,335.08,350.17,352.5133333,340.94,335.31,352.9728571,L9
2024-02-28 22:11:48+00:00,424.3266667,424.0071429,429.6966667,410.7,395.5971429,390.55,379.93,366.03,376.82,381.58,381.4571429,373.7911111,369.5,374.56,378.1971429,380.46,373.2166667,375.17,375.48,373.5,376.01,399.41,403.94,400.03,396.19,395.08,391.27,369.87,375.29,371.0066667,367.3,366.09,378.6471429,L8
2024-03-14 22:18:09+00:00,,,,,,,,355.69,358.46,366.38,363.0128571,364.2511111,358.75,360.65,360.3228571,363.87,370.9766667,369.03,361.7,358.65,356.58,380.43,389.51,384.97,381.24,374.16,366.97,348.84,355.53,360.0766667,350.73,344.56,360.6828571,L9
2024-03-30 22:17:36+00:00,,,,394.53,380.3042857,388.42,390.66,377.32,369.24,375.12,372.2942857,373.41,361.06,361.64,366.0142857,370.25,375.07,387.35,389.54,394.43,395.34,400.07,400.31,392.08,388.08,383.96,378.69,376.18,373.15,372.92,359.8,352.51,367.2942857,L9
2024-04-23 22:17:03+00:00,384.5633333,402.6728571,407.9033333,409.83,387.1128571,385.08,367.21,349.11,331.66,374.31,366.0628571,364.1522222,356.49,356.31,363.2228571,366.95,352.5233333,365.67,356.81,351.46,376.63,390.38,399.15,403.21,395.94,391.38,382.42,352.76,380.05,366.7633333,353.71,333.55,341.2328571,L8
2024-05-02 22:11:08+00:00,,,,,,,,,,,371.62,353.6888889,326.5,347.12,349.91,363.81,384.9733333,385.9,375.29,370.5,370.5,380.55,393.93,392.55,382.87,372.24,364.84,367.75,367.78,368.2633333,353.93,337.22,,L8
2024-05-10 22:11:24+00:00,423.41,409.3357143,414.62,409.62,381.1357143,391.17,378.45,376.87,370.39,380.05,367.8357143,365.9,352.81,351.08,361.9257143,372.72,365.62,374.03,367.66,362.75,365.83,398.39,402.52,407.25,402.31,394.77,385.3,359.63,377.66,370.4,354.41,330.68,327.6157143,L9
2024-05-18 22:10:55+00:00,394.1333333,376.7214286,374.8133333,,359.9814286,351.8,342.14,,,,335.5814286,340.8822222,336.96,334.44,331.1214286,,326.9233333,,,327.47,,358.75,,,,,,,,,,,,L8
2024-07-04 22:16:52+00:00,428.5933333,410.7957143,409.5533333,418.62,399.9757143,392.61,386.79,394.3,388.18,396.94,,,373.36,367.93,372.8557143,373.66,,386.89,388.16,385.45,385.3,,411.96,408.97,401.64,398.14,391.71,395.67,390.7,,,,,L9
2024-07-12 22:17:24+00:00,421.5633333,409.9657143,413.2933333,433.61,434.4057143,400.33,400.68,400.46,365.83,404.86,,370.0188889,360.7,359.11,368.6657143,390.48,,397.85,412.54,414.11,409.42,,430.94,421.09,411.03,398.39,398.78,418.06,413.65,,,,,L8
2024-07-29 22:11:17+00:00,436.2333333,432.1414286,426.0533333,430.45,434.6114286,383.23,366.18,,,,319.0814286,,328.79,345.37,343.7514286,,333.5833333,,,,,326.41,,,,,,,,,,,,L9
2024-08-14 22:11:24+00:00,396.88,400.4128571,409.15,437.26,,,,,,391.24,396.8728571,400.3133333,372,383.63,398.7528571,400.61,409.24,414.98,427.72,416.86,431.83,,432.54,425.29,416.89,411.39,425.56,392.11,387.45,392.28,393.16,,,L9
2024-08-21 22:17:19+00:00,437.0366667,426.0471429,436.7266667,439.39,414.2071429,422.32,402.5,417.51,396.03,410.46,392.1571429,384.9477778,380.97,381.89,385.9071429,389.57,376.0266667,405.57,406.43,402.84,403.7,,426.04,429.04,425.34,423.46,415.57,393.09,402.79,388.6466667,385.31,,379.2371429,L9
2024-08-29 22:17:21+00:00,412.4733333,406.2928571,403.0333333,,389.7028571,,370.66,,366.33,,361.5028571,365.9355556,368.92,365.79,357.9728571,,349.4933333,,,368.87,,393.39,387.86,,,,376.77,365.51,,358.2833333,,329.23,351.8828571,L8
